,date,price,returns,ar_returns,ma_returns,arma_returns,arima_prices,prophet_price
0,2021-07-23,32305.958852144195,0.5198876930207597,0.3703447893308129,0.3898396450689257,0.3369360171178437,34567.88136927866,39951.896802600044
1,2021-07-24,33593.72941223808,3.986170371811793,-0.1553363388831949,-0.1838203334579117,-0.3687743566518888,34992.288160931086,40018.63528458416
2,2021-07-25,34290.29138518177,2.0734880739080364,-0.2211032708085615,-0.3243689023019296,1.0188613862935991,35528.06223028002,40071.20851110616
3,2021-07-26,35384.029884512536,3.1896448095025898,0.560997566154496,0.5046040915649649,0.7700923633086759,35812.521415881645,40132.758770390705
4,2021-07-27,37276.03602971928,5.347062365089372,0.4257130841204036,0.4904245659973482,0.1965351111827983,36014.8055948508,40192.11794366961
5,2021-07-28,39503.1856943517,5.974749200415963,0.1154606269438008,0.0484553862001538,-0.5504269893338587,35974.38509396596,40266.02902067004
6,2021-07-29,39995.45199087683,1.2461432866046396,0.2224872174637948,0.2643486567776782,0.7138075834851397,36175.30480432897,40331.77103451058
7,2021-07-30,40027.4833199034,0.0800874285253216,0.2444961987858201,0.4306382757329547,0.2427044166305414,36347.836683285255,40391.476273669265
8,2021-07-31,42196.30388672412,5.418328575612175,0.0532132984845639,0.1739916056483656,-0.4797542557668556,36764.385057306376,40457.72587562447
9,2021-08-01,41460.844081329946,-1.7429484046008192,0.089207787349404,-0.0253058026541195,0.7486943148286941,37797.49071503872,40507.35275019326
10,2021-08-02,39907.26284980248,-3.747104686243119,0.756376656503075,0.8098065790097272,1.0685879949178476,36626.98090710565,40563.77116535078
11,2021-08-03,39178.40356586071,-1.8263825476704576,0.1885475809969405,0.2723751783953735,0.0475530520226082,36277.51483467081,40616.107426911214
12,2021-08-04,38213.33196989121,-2.4632744270633,0.1987029238167681,0.2723751783953735,0.0133638015223281,35514.37677799059,40681.41713969156
13,2021-08-05,39744.51415500788,4.006931890480292,0.2316654456358524,0.2723751783953735,1.1128261761902802,35819.268624688666,40737.30599453329
14,2021-08-06,40865.86692447903,2.82140263458186,0.2838436337694478,0.2723751783953735,-0.2549821236298736,35809.327815846584,40786.24294366501
15,2021-08-07,42832.79664243875,4.813135915101596,0.2798880287121029,0.2723751783953735,-0.3579001872605328,35273.69365154569,40841.151861351966
16,2021-08-08,44574.43858612373,4.066141088624042,0.2960909169412851,0.2723751783953735,0.5508721831275533,34906.095543620206,40879.21062087883
17,2021-08-09,43791.92742356228,-1.7555154644281925,0.2697252838966806,0.2723751783953735,0.6390625458104362,34898.00524981548,40924.176897899124
18,2021-08-10,46280.84767424887,5.683513828047282,0.2323587370625411,0.2723751783953735,0.2000818435398741,34435.51141636249,40965.51510673809
19,2021-08-11,45599.70402605171,-1.471761392512605,0.2254875796108698,0.2723751783953735,0.3383223080310577,34990.237774017856,41020.60993420013
20,2021-08-12,45576.8803336883,-0.0500522818094872,0.3183000516784678,0.2723751783953735,0.9595860176304808,34975.414525920896,41067.38339749261
21,2021-08-13,44439.69278521946,-2.495097383021816,0.3059400883803163,0.2723751783953735,-0.021419746995731,35676.83777312398,41108.604279573934
22,2021-08-14,47810.68928692222,7.585553118008836,0.2576050087792204,0.2723751783953735,-0.2436910256255554,35380.10855015575,41157.47604105119
23,2021-08-15,47096.66856627088,-1.49343322863712,0.2651049270383578,0.2723751783953735,0.2809628203476667,36239.14145459304,41191.43215536472
24,2021-08-16,47019.96132369353,-0.1628719077431339,0.2728477659240328,0.2723751783953735,0.5939876352280071,36561.14377345163,41234.458207913674
25,2021-08-17,45936.45633672983,-2.304351080820044,0.266124242131745,0.2723751783953735,-0.2257336074217161,36203.10372555194,41276.215211859904
26,2021-08-18,44686.75080964993,-2.7205092136823428,0.2713949750357094,0.2723751783953735,0.3461672081783802,37254.68630842183,41334.249666582706
27,2021-08-19,44741.88334742298,0.1233755795043034,0.3085292352644334,0.2723751783953735,1.0748765215670657,37733.97789543149,41386.60736095345
28,2021-08-20,46723.12114785069,4.428150207811532,0.2677238804895144,0.2723751783953735,0.0336530584839025,37752.6342360176,41436.1398624421
29,2021-08-21,49327.0737329156,5.573156332653739,0.2677034384024401,0.2723751783953735,0.0385968304620324,38047.32163283178,41496.08988825721
30,2021-08-22,48869.10424225738,-0.9284343383877292,0.2753301819847246,0.2723751783953735,0.4169763771257815,38709.5604633231,41543.88460822469
31,2021-08-23,49291.67737486671,0.8647040684734542,0.2836375676539267,0.2723751783953735,0.2135921169428188,38808.07751957746,41603.456324865765
32,2021-08-24,49562.34672914952,0.5491177592199747,0.2795054935981987,0.2723751783953735,-0.3914039803633676,38880.2991416067,41664.365085587
33,2021-08-25,47727.256692955525,-3.702589076789431,0.2789180609456452,0.2723751783953735,0.4338674134864748,39706.32381517303,41744.008847742596
34,2021-08-26,49002.6418070078,2.6722363748187483,0.2764918066558246,0.2723751783953735,0.7340090399334991,39510.42793550164,41820.238281357706
35,2021-08-27,46894.555070544426,-4.301985890405402,0.2749420259957293,0.2723751783953735,0.2167810031721107,39279.78417919381,41895.6652162652
36,2021-08-28,49072.58522065849,4.644526740551447,0.2750734119456123,0.2723751783953735,0.2174303963260176,39610.86596509199,41983.25097437529
37,2021-08-29,48911.24836281743,-0.3287718735737965,0.2834166557279942,0.2723751783953735,0.4496993281031969,39614.529394638055,42060.10365620003
38,2021-08-30,48834.852677515846,-0.1561924666794278,0.2814861063101131,0.2723751783953735,0.3409149956684829,38855.94833413486,42149.8038182358
39,2021-08-31,47024.34166314669,-3.707415739175024,0.2763722989347308,0.2723751783953735,-0.3731937362013356,38897.584624598094,42241.53305664581
40,2021-09-01,47099.77486940581,0.1604131043438705,0.2772761072153676,0.2723751783953735,0.3092735820133903,38464.42383450723,42352.29104654712
41,2021-09-02,48807.84886179639,3.626501394383697,0.2788871864554552,0.2723751783953735,0.5151461987264676,38765.26034526089,42459.518017941235
42,2021-09-03,49288.24911200554,0.9842684351228924,0.278841745729503,0.2723751783953735,0.0852909669206204,38345.056242653605,42565.41153984215
43,2021-09-04,50009.325095565815,1.4629774774949975,0.279040652032708,0.2723751783953735,0.239875189409827,38033.47338449871,42682.52368864695
44,2021-09-05,49937.85801546225,-0.1429075076838093,0.2808439417147135,0.2723751783953735,0.7725663692138124,37464.28774389617,42787.56747886662
45,2021-09-06,51769.0043206713,3.666849917035053,0.2779579680657847,0.2723751783953735,0.3500929315293744,37326.21591244813,42903.75177971601
46,2021-09-07,52660.47935082824,1.7220246783865134,0.2780819925903576,0.2723751783953735,-0.2267658518584504,37225.600353071946,43019.91900299176
47,2021-09-08,46827.763373589776,-11.076078397198874,0.2791376374221148,0.2723751783953735,0.37051746993199,37411.22230357841,43152.77087073446
48,2021-09-09,46078.46074524146,-1.6001247430299403,0.2799932104942206,0.2723751783953735,0.214827409504246,37123.85181311138,43279.49899883724
49,2021-09-10,46396.66247161012,0.6905650085143655,0.2792639259039109,0.2723751783953735,0.0385757023725385,37228.722778860974,43402.10892650558
50,2021-09-11,44869.84026078624,-3.290801815234312,0.2790327154301101,0.2723751783953735,0.2632106624697028,36664.9847053546,43533.02343669761
51,2021-09-12,45206.62926911134,0.7505910570834828,0.2789434970029771,0.2723751783953735,0.7115131523750979,37308.7402108763,43648.89383306377
52,2021-09-13,46057.21532739347,1.8815516043424907,0.2790143804370335,0.2723751783953735,0.3563865998671054,37248.118725633365,43772.93820994036
53,2021-09-14,44960.04935902961,-2.382180426160707,0.2790837060192357,0.2723751783953735,0.02695121190444,37396.71177117985,43894.08084643964
54,2021-09-15,47097.99812341768,4.755218899595559,0.2797090667115747,0.2723751783953735,0.4255550402294166,38104.02137067341,44029.1779174685
55,2021-09-16,48158.907204666175,2.2525566340812158,0.2794404746702943,0.2723751783953735,0.2755841924525455,38360.37692240317,44155.64618617499
56,2021-09-17,47771.00310765417,-0.8054669832176287,0.2789898048804717,0.2723751783953735,-0.0262459341260391,38665.99218945103,44275.783284150064
57,2021-09-18,47273.52581288287,-1.041379209999449,0.2791302429451048,0.2723751783953735,0.0747849186365771,39143.27999961983,44402.36545185021
58,2021-09-19,48268.85742046013,2.105473603803021,0.2793610874372912,0.2723751783953735,0.628302066057855,39331.66292333519,44512.45148436576
59,2021-09-20,47261.406498921686,-2.0871654631530734,0.2793658754107062,0.2723751783953735,0.2493109233603415,39544.779362877925,44629.71205076673
60,2021-09-21,43012.2344357601,-8.990786305224606,0.2793284719034657,0.2723751783953735,0.2170053428910092,39482.27468788233,44743.55870006982
61,2021-09-22,40677.95483393797,-5.427013110208079,0.2793967314917073,0.2723751783953735,0.6009043603976916,40046.67548269532,44871.35797559164
62,2021-09-23,43560.29537289927,7.0857557876939925,0.279213072791761,0.2723751783953735,0.295584916371775,39518.62490014649,44991.047573175485
63,2021-09-24,44894.30212326092,3.0624373387320603,0.2792501312434009,0.2723751783953735,-0.0560051699041203,39582.5513963551,45105.44345629748
64,2021-09-25,42840.89050861673,-4.573880242099282,0.2793641270158365,0.2723751783953735,0.1066851010601843,39534.78993591597,45227.82413527907
65,2021-09-26,42721.62866024696,-0.2783832150869525,0.2794292535850829,0.2723751783953735,0.4656754521784227,39082.78529711928,45335.72120981425
66,2021-09-27,43234.18492941265,1.1997582611887436,0.2793351428744538,0.2723751783953735,0.1341197795672692,38905.50911488812,45453.2357068985
67,2021-09-28,42200.89661383886,-2.3899798672296413,0.2793078613661706,0.2723751783953735,0.2852284060032498,38724.9035122501,45570.154890600286
68,2021-09-29,41064.98395394628,-2.6916789713896327,0.2793216038965477,0.2723751783953735,0.5252332246617837,38418.59362311271,45704.1553179105
69,2021-09-30,41551.270839196986,1.1841886649610611,0.2793463697943836,0.2723751783953735,0.3919802551918783,38181.9633086804,45833.40940720268
70,2021-10-01,43816.740644298894,5.452227475470606,0.2793518706241902,0.2723751783953735,0.0859194547750449,37647.04233199752,45960.884731754275
71,2021-10-02,48137.46873272134,9.860907098265947,0.2793901518048551,0.2723751783953735,0.2072661681774458,37450.579952615,46099.9225038754
72,2021-10-03,47680.02840718254,-0.9502791434229608,0.2793599363558822,0.2723751783953735,0.3970290513266772,36952.876076065,46228.02455745368
73,2021-10-04,48208.90763250835,1.1092259023196105,0.2793268658506209,0.2723751783953735,-0.0090891673085528,36910.739539576825,46369.16851250854
74,2021-10-05,49174.959615548825,2.003886896597185,0.279347041982895,0.2723751783953735,0.1716142683722207,36658.376546964864,46512.92588672889
75,2021-10-06,51486.66574167223,4.700982256409336,0.2793731190992305,0.2723751783953735,0.4895732881118182,36562.67425353416,46676.66894958814
76,2021-10-07,55338.62374457416,7.481467186530644,0.2793706109954116,0.2723751783953735,0.4406794042634352,36383.16919445638,46838.183537407655
77,2021-10-08,53802.14603683171,-2.7765014808361466,0.2793613586364101,0.2723751783953735,0.1684750769917351,36273.139937405045,46999.97692378958
78,2021-10-09,53929.78146840719,0.2372311161865203,0.2793633177646387,0.2723751783953735,0.3694510722553104,36241.189211834615,47174.867024730156
79,2021-10-10,54952.821250516485,1.8969848463202157,0.2793546114806943,0.2723751783953735,0.3302290890133434,36757.37240571272,47339.7819954932
80,2021-10-11,54734.124840616,-0.3979712140774305,0.2793605977837626,0.2723751783953735,-0.0271269300166739,36583.73958749452,47518.08959330444
81,2021-10-12,57526.83201141932,5.102314468232727,0.2793706899111904,0.2723751783953735,0.182149707943274,36983.97822044072,47698.73071000822
82,2021-10-13,56038.25678811077,-2.587618979284423,0.2793740132451935,0.2723751783953735,0.3816280234029292,37134.91879687397,47898.44246739062
83,2021-10-14,57372.83207889544,2.381543194376845,0.2793639366726249,0.2723751783953735,0.345781479873946,37379.88761002381,48094.38765918117
84,2021-10-15,57345.901979185575,-0.0469387665451681,0.2793621804282178,0.2723751783953735,0.1759711119442535,37462.50183836335,48288.47918014723
85,2021-10-16,61609.52714620337,7.434925635253475,0.2793658940713525,0.2723751783953735,0.4428070944746874,37850.00318900884,48492.98526053875
86,2021-10-17,60887.65305206833,-1.1716923137909951,0.2793692609604938,0.2723751783953735,0.3936748593385743,37906.152395864505,48684.344107953875
87,2021-10-18,61548.803434206464,1.085852958682354,0.2793689962025487,0.2723751783953735,0.1127721690510432,38197.73408164534,48885.50689491417
88,2021-10-19,62043.16583539526,0.8032039188499374,0.2793706704619653,0.2723751783953735,0.1688339422669513,38300.482993518286,49085.08309267047
89,2021-10-20,64284.586188483045,3.61267888720318,0.2793679570778261,0.2723751783953735,0.2932236609768219,38717.64102512543,49299.57318468648
90,2021-10-21,66002.23220375569,2.671940689229113,0.2793661670906137,0.2723751783953735,0.208203299944078,38343.025611027646,49506.00524012557
91,2021-10-22,62237.89106678509,-5.703354282548645,0.2793686577749354,0.2723751783953735,0.1347823125888789,38669.41176506857,49706.2637494258
92,2021-10-23,60694.62797663025,-2.479619832392499,0.2793710928978518,0.2723751783953735,0.5093027486208535,38467.8298685113,49912.69637532673
93,2021-10-24,61368.34317142168,1.110007948398395,0.2793703562681157,0.2723751783953735,0.4122295134198538,38353.19794499173,50101.92713607978
94,2021-10-25,60893.92757572503,-0.7730624148862164,0.2793691083105638,0.2723751783953735,0.187008676679327,38330.49202680591,50297.194957242355
95,2021-10-26,63032.76251241394,3.5123944567857723,0.2793693053478566,0.2723751783953735,0.2252038986490305,37993.2590153399,50487.4916756984
96,2021-10-27,60351.998619297934,-4.252969069201185,0.2793692757718813,0.2723751783953735,0.2991291423105479,37663.29598719248,50689.784696607916
97,2021-10-28,58470.72957834805,-3.117161128029877,0.279369977181159,0.2723751783953735,0.1524354388218031,37301.641174455566,50881.64103164155
98,2021-10-29,60624.87076486328,3.684135980599956,0.2793706915405781,0.2723751783953735,0.1356420599342582,36862.02964789672,51065.541443637005
99,2021-10-30,62239.36221013832,2.6630843495517365,0.2793707139900279,0.2723751783953735,0.4158999025943587,36686.70607167253,51254.47074108801
100,2021-10-31,61850.48945609283,-0.6248019584978115,0.2793698035216609,0.2723751783953735,0.326800273256789,36204.99713878739,51425.713186087305
101,2021-11-01,61320.44949159524,-0.8569697170688673,0.2793698253705022,0.2723751783953735,0.2514894234298612,36238.85806639221,51603.17244391815
102,2021-11-02,60963.2541524674,-0.5825060678604332,0.2793703781976622,0.2723751783953735,0.316629833857007,35850.16364390327,51776.49068114938
103,2021-11-03,63254.334880972434,3.758133912561656,0.2793707053231451,0.2723751783953735,0.393600898342533,35851.20916805381,51963.252552939084
104,2021-11-04,62941.80403493862,-0.4940860521605583,0.2793705635086822,0.2723751783953735,0.1538982942884129,35774.212890064904,52141.591349353
105,2021-11-05,61460.07904015772,-2.3541190429788195,0.279370585108232,0.2723751783953735,0.1026325740060896,35718.96090591752,52314.48655303854
106,2021-11-06,61068.87344706671,-0.6365198340135492,0.2793704080881423,0.2723751783953735,0.3166572313049302,35912.77903217404,52495.3393491222
107,2021-11-07,61554.92180501453,0.7959019554685476,0.2793703827670677,0.2723751783953735,0.2662301317730068,36071.04976352026,52661.755503734006
108,2021-11-08,63344.06722201008,2.9065838515122566,0.279370646535891,0.2723751783953735,0.2579930872712947,36083.80064334823,52837.855433583245
109,2021-11-09,67549.73558078487,6.639403725110737,0.2793708343661638,0.2723751783953735,0.3699636916405417,36495.67296136129,53013.38639672226
110,2021-11-10,66953.33937367408,-0.8828993955091513,0.2793707161043272,0.2723751783953735,0.4199744777857734,36558.2584030622,53205.92278698396
111,2021-11-11,64978.89029642256,-2.9489926801587907,0.2793705930321958,0.2723751783953735,0.1629939996000992,36957.44385067977,53393.471953807675
112,2021-11-12,64863.98034642406,-0.1768419704834989,0.2793706449216755,0.2723751783953735,0.1846699371366499,37082.07930078936,53578.77485597119
113,2021-11-13,64158.122680802655,-1.0882120737142231,0.2793707061036248,0.2723751783953735,0.3030988027888322,37590.07883523611,53774.88804730184
114,2021-11-14,64455.371640342,0.4633068224552117,0.2793707696398746,0.2723751783953735,0.2184375991057717,37681.733944091815,53958.97626866213
115,2021-11-15,65521.28934209624,1.653729820536931,0.2793708044213728,0.2723751783953735,0.1953092993034804,37985.51625453995,54154.63522966648
116,2021-11-16,63721.195194032895,-2.7473423770170258,0.279370786684512,0.2723751783953735,0.3158735509062209,38167.10216410073,54351.019179838026
117,2021-11-17,60139.62010926292,-5.620696651818868,0.2793707202760094,0.2723751783953735,0.4013013827998423,38304.67709774032,54565.058837837765
118,2021-11-18,60360.13768997755,0.3666760453657547,0.2793707460219012,0.2723751783953735,0.240219399816655,38182.19446814834,54774.08661390865
119,2021-11-19,56896.12868016403,-5.738901769252747,0.2793708102420494,0.2723751783953735,0.2922826671069726,38426.25061928748,54980.15788765227
120,2021-11-20,58115.08034646973,2.142415827899158,0.2793708339952368,0.2723751783953735,0.3135606528224393,38162.5791572904,55195.654247893945
121,2021-11-21,59730.50797421915,2.779704713679454,0.279370809452779,0.2723751783953735,0.1882666612497556,38227.612588333686,55397.097349117095
122,2021-11-22,58706.849383944165,-1.7137952195498074,0.2793708061321024,0.2723751783953735,0.1291941470571988,37970.214303470064,55607.492337155345
123,2021-11-23,56304.55538766307,-4.092016555972943,0.2793708023125599,0.2723751783953735,0.2928430292118175,37792.36835956956,55815.474820261305
124,2021-11-24,57565.85010775674,2.240129082646192,0.279370812587636,0.2723751783953735,0.3697040261579205,37500.77289438248,56037.54635602814
125,2021-11-25,57165.41727228777,-0.6956083072158337,0.2793708365474001,0.2723751783953735,0.2479431874791768,37353.82560389969,56250.7148343729
126,2021-11-26,58960.28518286405,3.139779251548269,0.2793708479064579,0.2723751783953735,0.3289209119605891,37075.416914238725,56456.82802386846
127,2021-11-27,53736.4315256188,-8.85995317194207,0.2793708339755147,0.2723751783953735,0.3296116101216478,36965.66985824913,56668.18576884261
128,2021-11-28,54813.024701786526,2.003469798053969,0.279370825316437,0.2723751783953735,0.2261427428859706,36617.097217087474,56861.35916137869
129,2021-11-29,57291.904734500975,4.522428831835024,0.2793708351405003,0.2723751783953735,0.1695590001261904,36601.28265302164,57059.535410701494
130,2021-11-30,57830.11381927063,0.9394155898006852,0.2793708451174468,0.2723751783953735,0.2872049658058014,36181.01670090597,57251.66226445493
131,2021-12-01,56907.96673382658,-1.594579406026975,0.2793708493755414,0.2723751783953735,0.2724970009095367,36258.97903742065,57454.676944810926
132,2021-12-02,57217.37104847201,0.5436924430854972,0.2793708495581141,0.2723751783953735,0.1997059044640853,36034.28779446698,57646.136088432664
133,2021-12-03,56509.16535639055,-1.237745948658664,0.2793708474790548,0.2723751783953735,0.3215112191846061,36038.11284652911,57828.535181744
134,2021-12-04,53727.87808734998,-4.921833921098672,0.2793708443359463,0.2723751783953735,0.3697192740843207,36130.3682848912,58014.90331408716
135,2021-12-05,49201.51840101559,-8.424601617386596,0.2793708490104467,0.2723751783953735,0.2964585111679255,36176.87654545319,58182.60201148397
136,2021-12-06,49413.479099212935,0.4308011319280158,0.2793708553035446,0.2723751783953735,0.2100778288326804,36327.761305862245,58355.647404783485
137,2021-12-07,50581.83004951807,2.364437743716241,0.279370856396244,0.2723751783953735,0.2782894035631491,36614.98464134568,58523.83019722589
138,2021-12-08,50667.64768306087,0.16966098984319,0.2793708534457816,0.2723751783953735,0.215904190873122,36746.84945085857,58704.91906807755
139,2021-12-09,50450.08205241094,-0.4293975359007551,0.2793708534719862,0.2723751783953735,0.183319034504729,37178.61305657784,58877.26472021475
140,2021-12-10,47642.14355318415,-5.565775881810686,0.2793708546328569,0.2723751783953735,0.3080277819491379,37336.87584167399,59044.09380739936
141,2021-12-11,47264.6347033978,-0.7923842665998548,0.2793708564970636,0.2723751783953735,0.3569694448986001,37827.05230183429,59219.07931284486
142,2021-12-12,49354.854935162286,4.422376783151605,0.2793708583381674,0.2723751783953735,0.2826709598037531,37887.86155394627,59380.11687428647
143,2021-12-13,50114.74099112629,1.5396379078862044,0.2793708587909652,0.2723751783953735,0.2464109725464372,38229.39828191219,59551.62700423611
144,2021-12-14,46709.8224590995,-6.794245494812968,0.2793708575438736,0.2723751783953735,0.325778340800278,38375.26152845149,59723.65830730052
145,2021-12-15,48379.75422773965,3.575119066449872,0.2793708573099656,0.2723751783953735,0.2390777182400418,38444.55089284454,59914.07789093491
146,2021-12-16,48900.46291062604,1.0762946013227692,0.2793708587352546,0.2723751783953735,0.1978810901923474,38545.880291664886,60101.16664281549
147,2021-12-17,47653.729852491706,-2.549532221019979,0.2793708598586361,0.2723751783953735,0.2533879370482577,38635.39103629209,60287.90896657657
148,2021-12-18,46219.25541631027,-3.010203903496611,0.2793708600116047,0.2723751783953735,0.2883692777354966,38467.05234434405,60487.563782141726
149,2021-12-19,46853.86800304343,1.3730480532778475,0.2793708598348107,0.2723751783953735,0.2558956949615866,38528.08654722026,60677.44639024215
150,2021-12-20,46707.06445122794,-0.3133221611627879,0.2793708597764906,0.2723751783953735,0.2941182265148284,38214.39349531991,60881.24111857934
151,2021-12-21,46886.07745738528,0.3832675169390453,0.2793708598508938,0.2723751783953735,0.3703768348231603,38184.56578244177,61088.119682996716
152,2021-12-22,48937.09633911408,4.374473176164018,0.279370860456535,0.2723751783953735,0.2642350643628775,37820.55384091423,61314.9511563953
153,2021-12-23,48626.343782202304,-0.635004076985668,0.279370860991664,0.2723751783953735,0.2041817230823707,37728.94611344968,61538.92078573026
154,2021-12-24,50806.05050297992,4.482563465064393,0.2793708609861828,0.2723751783953735,0.2340649751656437,37370.014701518594,61761.84669642909
155,2021-12-25,50854.9186725144,0.0961857279806022,0.279370860723102,0.2723751783953735,0.2712719166187722,37187.26899735396,61995.780631588925
156,2021-12-26,50428.69269638934,-0.8381214388912706,0.279370860833279,0.2723751783953735,0.2337924765598558,36877.75984583878,62216.82157647764
157,2021-12-27,50802.60893278534,0.7414751729678981,0.2793708610896098,0.2723751783953735,0.2888296019256243,36734.56821272701,62447.46136554588
158,2021-12-28,50679.85937702978,-0.2416205748763111,0.2793708613102523,0.2723751783953735,0.3441310749683652,36456.26316007383,62675.73633516631
159,2021-12-29,47623.8704633248,-6.029986963795886,0.2793708614264546,0.2723751783953735,0.2699254388502996,36520.79330186026,62917.470017769665
160,2021-12-30,46490.6060493554,-2.3796142626461347,0.2793708614319575,0.2723751783953735,0.2544317689048598,36288.23421311012,63148.92321781423
161,2021-12-31,47169.37285862106,1.4600085198826165,0.2793708613601119,0.2723751783953735,0.2828660226084658,36439.667728548586,63371.13963071969
162,2022-01-01,46311.744663040976,-1.818188675415755,0.2793708614133633,0.2723751783953735,0.2720421985910113,36409.34656078339,63595.57231989049
163,2022-01-02,47680.926624830136,2.9564465164315656,0.2793708615868308,0.2723751783953735,0.1937896466463051,36551.59119928878,63797.9191395089
164,2022-01-03,47343.54376514904,-0.7075845281609872,0.2793708616914522,0.2723751783953735,0.2472484446094082,36650.51263826687,64000.48552867839
165,2022-01-04,46458.85144441394,-1.868665187218943,0.2793708616840195,0.2723751783953735,0.3062087573576021,36882.76514072804,64191.34817940537
166,2022-01-05,45899.35873958258,-1.2042757998457332,0.2793708616667307,0.2723751783953735,0.2904483500969519,37016.60587094391,64386.60414118993
167,2022-01-06,43565.51172706792,-5.084705051667759,0.2793708616907159,0.2723751783953735,0.2941409150418834,37327.38798138478,64563.02141128512
168,2022-01-07,43153.57087575333,-0.9455664239532924,0.2793708617344888,0.2723751783953735,0.3083923961921916,37451.72646214415,64722.37903195012
169,2022-01-08,41561.46586768905,-3.6893934285258334,0.2793708618001213,0.2723751783953735,0.2681822518819952,37806.091947824665,64877.08202766576
170,2022-01-09,41734.72756293196,0.4168806167580641,0.2793708618407036,0.2723751783953735,0.1919294166139333,37837.82594799545,65003.979447382095
171,2022-01-10,41910.2308272178,0.4205209295333079,0.2793708618349874,0.2723751783953735,0.2524480591934852,38196.95589384194,65126.70427193603
172,2022-01-11,41819.50697062128,-0.2164718609414029,0.2793708618207953,0.2723751783953735,0.2876224546789604,38261.42815419124,65234.80917420832
173,2022-01-12,42742.17840595137,2.2063183001613806,0.2793708618467516,0.2723751783953735,0.2662087467419997,38440.2838485354,65345.9833196152
174,2022-01-13,43946.741717735065,2.8182075802106965,0.2793708618829137,0.2723751783953735,0.2699602191086653,38559.00659515393,65438.667005918935
175,2022-01-14,42598.87288897501,-3.067050652849901,0.2793708619044763,0.2723751783953735,0.3128456942367272,38586.81798130242,65516.35302050983
176,2022-01-15,43101.89961076399,1.180845143720144,0.2793708619105632,0.2723751783953735,0.2935808571109596,38526.15952888116,65593.16099060848
177,2022-01-16,43172.03889467444,0.1627289853668889,0.2793708619115563,0.2723751783953735,0.2436620921811114,38529.07493638351,65647.61399582181
178,2022-01-17,43118.12010150989,-0.1248928578427732,0.2793708619128775,0.2723751783953735,0.2727226778036649,38281.66895698241,65704.9372437117
179,2022-01-18,42250.07314461258,-2.0131836797470104,0.2793708619258235,0.2723751783953735,0.2529456446003326,38243.28458846184,65756.15384572244
180,2022-01-19,42374.04061202849,0.2934136160938738,0.2793708619445342,0.2723751783953735,0.2244869766123868,37874.29219168402,65820.2639126242
181,2022-01-20,41744.02805917337,-1.4867889485060903,0.2793708619533013,0.2723751783953735,0.2493228606055328,37797.76260513751,65876.82475454606
182,2022-01-21,40699.60698392732,-2.501965248215987,0.279370861951817,0.2723751783953735,0.3222756906786383,37399.562521265725,65930.2219780812
183,2022-01-22,36471.58999992482,-10.388348432141337,0.2793708619523242,0.2723751783953735,0.3076859632523397,37244.94127959892,65995.218573811
184,2022-01-23,35047.360289671895,-3.905038717138088,0.2793708619586153,0.2723751783953735,0.2658087049176727,36962.748899787504,66050.71196284419
185,2022-01-24,36275.732948124925,3.504893516374241,0.2793708619659212,0.2723751783953735,0.2770153942455499,36777.512900827365,66122.01936406735
186,2022-01-25,36654.80592442568,1.0449767530344325,0.2793708619723073,0.2723751783953735,0.2553991721342634,36596.28359763214,66199.96692648312
187,2022-01-26,36950.51482868812,0.8067397897894457,0.2793708619753199,0.2723751783953735,0.2322697988342888,36532.68835751865,66303.06908685945
188,2022-01-27,36841.88060894733,-0.2939992047321871,0.2793708619752216,0.2723751783953735,0.2488641932037648,36344.027487758896,66410.11600519576
189,2022-01-28,37128.44419894304,0.7778202015184865,0.2793708619757947,0.2723751783953735,0.2975206864486435,36457.827462841706,66524.4587611273
190,2022-01-29,37780.713786273285,1.7567921344487925,0.2793708619799938,0.2723751783953735,0.2693965057250139,36324.62401742604,66659.57911994884
191,2022-01-30,38151.918823373366,0.9825252090259528,0.2793708619842543,0.2723751783953735,0.2657441168170109,36524.089779475216,66792.87338295337
192,2022-01-31,37920.28099097226,-0.6071459563370629,0.2793708619862003,0.2723751783953735,0.303706705121172,36529.789510592025,66947.97007125172
193,2022-02-01,38481.76536851194,1.4806967745659705,0.2793708619866306,0.2723751783953735,0.2937124107805947,36799.759538981685,67113.85613107086
194,2022-02-02,38743.71342572458,0.6807069652448483,0.279370861987279,0.2723751783953735,0.2503661929897695,36909.398610365766,67307.09723919688
195,2022-02-03,36944.80523902983,-4.643096976606087,0.2793708619884688,0.2723751783953735,0.2377611751940659,37199.13243251466,67504.46907637244
196,2022-02-04,37149.26414150606,0.5534171885692496,0.2793708619904221,0.2723751783953735,0.2617529359807266,37376.71414998469,67707.28818877914
197,2022-02-05,41501.4805719368,11.715484898577325,0.2793708619922984,0.2723751783953735,0.2463189405862084,37671.34905683547,67927.02813201051
198,2022-02-06,41441.12079033813,-0.1454400680815371,0.2793708619930544,0.2723751783953735,0.274971585141619,37792.97005177778,68139.14927513919
199,2022-02-07,42406.7813264058,2.330198888570622,0.2793708619930668,0.2723751783953735,0.3122132948148879,38127.89944931629,68365.46088331194
200,2022-02-08,43854.6536157814,3.414247071078802,0.2793708619935409,0.2723751783953735,0.2982335340966251,38148.91320346823,68593.2890715757
201,2022-02-09,44096.70449204256,0.5519388623652421,0.2793708619945894,0.2723751783953735,0.2525375496340486,38382.602791220765,68837.73517706041
202,2022-02-10,44347.79883452384,0.5694174777314487,0.2793708619955309,0.2723751783953735,0.2537213364736695,38364.0139872701,69074.34047616826
203,2022-02-11,43571.13046337891,-1.7513121091825457,0.2793708619961331,0.2723751783953735,0.2731605934209254,38418.447656494,69303.44504054045
204,2022-02-12,42412.30031147502,-2.6596283814069976,0.2793708619964147,0.2723751783953735,0.2469527080108185,38337.46176849693,69535.8257360725
205,2022-02-13,42236.56642632817,-0.4143465076316466,0.2793708619965679,0.2723751783953735,0.2567152249741855,38310.10164299499,69746.54120656713
206,2022-02-14,42157.39915316259,-0.1874377579997532,0.2793708619968797,0.2723751783953735,0.2791891958255513,38123.48190336998,69957.30209249325
207,2022-02-15,42586.464611620926,1.0177702303206582,0.2793708619974492,0.2723751783953735,0.2837260338053117,38052.95776573732,70155.63988717039
208,2022-02-16,44578.276206938615,4.6771001384655175,0.2793708619979105,0.2723751783953735,0.2719415191557293,37772.80121627015,70357.15896957755
209,2022-02-17,43937.07161828148,-1.4383790563829213,0.2793708619980993,0.2723751783953735,0.2934845450631772,37691.223414678905,70538.18791515414
210,2022-02-18,40552.13257469959,-7.704061556468112,0.2793708619981816,0.2723751783953735,0.2864465030163045,37344.41341542599,70700.11823103623
211,2022-02-19,40026.02250608061,-1.2973672041781126,0.2793708619983493,0.2723751783953735,0.238263519940121,37256.09428910394,70855.01604138568
212,2022-02-20,40118.100621485086,0.2300456294164199,0.2793708619985826,0.2723751783953735,0.2369788582940149,36961.45032385641,70979.43524079844
213,2022-02-21,38423.20987191556,-4.224753224388278,0.2793708619988311,0.2723751783953735,0.2647425753130453,36821.78581793836,71096.75117993867
214,2022-02-22,37068.771436199466,-3.5250528007189974,0.2793708619990174,0.2723751783953735,0.2819798115205649,36639.62404318232,71196.28921541045
215,2022-02-23,38285.28261421084,3.281768267138707,0.2793708619991003,0.2723751783953735,0.2762229420643356,36523.49580082505,71295.53368445573
216,2022-02-24,37278.5650718651,-2.6295157658626223,0.2793708619991454,0.2723751783953735,0.2946270588788597,36387.43536598673,71372.73449230513
217,2022-02-25,38333.74714480872,2.830532964210009,0.2793708619992506,0.2723751783953735,0.2818495609344218,36419.86152161892,71431.2005818778
218,2022-02-26,39213.08378308136,2.293896902253967,0.2793708619993963,0.2723751783953735,0.2526650305886873,36314.60187018509,71484.86694234188
219,2022-02-27,39098.69891124532,-0.2917007814758787,0.2793708619995061,0.2723751783953735,0.2578403221823436,36504.93677673012,71512.0647837024
220,2022-02-28,37706.00126664568,-3.562005088100473,0.2793708619995678,0.2723751783953735,0.2719921445660535,36483.418039274366,71537.81500044887
221,2022-03-01,43194.50421130424,14.556046147257783,0.2793708619996075,0.2723751783953735,0.261099365792559,36762.84811752293,71552.92023764325
222,2022-03-02,44357.615244967536,2.692729213821843,0.2793708619996505,0.2723751783953735,0.2482403595320818,36828.96484152149,71576.14199884947
223,2022-03-03,43925.195064951615,-0.9748499274089828,0.2793708619997103,0.2723751783953735,0.2814830178197477,37121.63408523882,71586.78073770278
224,2022-03-04,42458.1411201421,-3.3398917014260343,0.2793708619997807,0.2723751783953735,0.2911195039735504,37282.675293976165,71588.94881306792
225,2022-03-05,39148.44970501965,-7.795186807065213,0.2793708619998302,0.2723751783953735,0.2817209516415837,37531.9467187326,71597.12341582266
226,2022-03-06,39404.19892431593,0.6532805800059327,0.2793708619998533,0.2723751783953735,0.2751406344222539,37706.37425974448,71589.90937647382
227,2022-03-07,38429.30278301694,-2.474092020425256,0.2793708619998723,0.2723751783953735,0.2670975142924429,37961.25665632326,71592.33208295217
228,2022-03-08,38059.904292538864,-0.9612417184974852,0.2793708619999034,0.2723751783953735,0.2439253192529301,38017.50809178196,71594.93575102401
229,2022-03-09,38742.81608045671,1.794307685770291,0.2793708619999382,0.2723751783953735,0.2440837174879079,38261.48352605639,71615.97324162512
230,2022-03-10,41974.06923817848,8.340264040206758,0.2793708619999678,0.2723751783953735,0.2820016486426256,38218.66169456753,71634.00495542194
231,2022-03-11,39439.96953161491,-6.037298152304538,0.2793708619999877,0.2723751783953735,0.2868696915949208,38368.76622628063,71652.19611872746
232,2022-03-12,38794.46318889842,-1.6366806323190763,0.2793708619999999,0.2723751783953735,0.2752862849292101,38266.823645614175,71683.89886475989
233,2022-03-13,38884.7248489191,0.2326663461772238,0.2793708620000116,0.2723751783953735,0.2725230700290878,38296.771758095965,71706.44819685332
234,2022-03-14,37846.31643962368,-2.670478994849512,0.2793708620000291,0.2723751783953735,0.2790014271709443,38128.02140259455,71743.49114449092
235,2022-03-15,39664.25002606368,4.803462417115689,0.2793708620000475,0.2723751783953735,0.2630122022574881,38045.71921792672,71784.12336532577
236,2022-03-16,39335.56940371599,-0.8286570958273787,0.2793708620000603,0.2723751783953735,0.2578026424289772,37812.524241282685,71845.11835422201
237,2022-03-17,41140.84481577167,4.589422345784411,0.2793708620000678,0.2723751783953735,0.2677728589544931,37675.75260229453,71903.56574010677
238,2022-03-18,40944.84167953429,-0.4764198137278796,0.2793708620000746,0.2723751783953735,0.2590800918864289,37376.96088640871,71961.20694700154
239,2022-03-19,41794.64783390654,2.0754901460444897,0.2793708620000827,0.2723751783953735,0.2605689445379386,37268.05801030244,72030.05362471013
240,2022-03-20,42191.40531212776,0.9493021206876672,0.2793708620000917,0.2723751783953735,0.2820913909922026,36951.0573369117,72086.21700269553
241,2022-03-21,41246.13284847771,-2.240438441566517,0.2793708620001001,0.2723751783953735,0.2984765185253686,36865.36951934456,72152.26663466846
242,2022-03-22,41074.10451849765,-0.4170774763588847,0.2793708620001058,0.2723751783953735,0.2738627512725112,36636.67173217407,72216.39205507559
243,2022-03-23,42364.3780528832,3.1413308932991546,0.2793708620001093,0.2723751783953735,0.2582559911346427,36571.072516026165,72294.6519064319
244,2022-03-24,42886.65421682143,1.2328191465156737,0.279370862000113,0.2723751783953735,0.2584095487653743,36452.84762256571,72363.6265609561
245,2022-03-25,43964.54622463837,2.513350662346969,0.2793708620001179,0.2723751783953735,0.2565259114207585,36476.89077489239,72424.7622111581
246,2022-03-26,44349.85843334273,0.8764157526739647,0.2793708620001225,0.2723751783953735,0.2629018060066977,36432.76139849536,72489.99169532822
247,2022-03-27,44505.35710237063,0.3506181857640289,0.279370862000126,0.2723751783953735,0.279315936706446,36574.746417445385,72535.56023629074
248,2022-03-28,46821.85024693429,5.20497597454459,0.2793708620001285,0.2723751783953735,0.2851171748505089,36580.35921747364,72584.3747478244
249,2022-03-29,47100.43859807688,0.5949964592884216,0.2793708620001305,0.2723751783953735,0.2668397896109321,36815.82088329874,72625.15057225106
250,2022-03-30,47456.89702971699,0.7568049093595208,0.2793708620001327,0.2723751783953735,0.270692560913114,36864.01024902597,72674.64069507722
251,2022-03-31,47062.14656183097,-0.8318084253145175,0.2793708620001352,0.2723751783953735,0.2782559551516105,37146.95812924586,72710.26407713123
252,2022-04-01,45554.16381205456,-3.2042370778714746,0.2793708620001375,0.2723751783953735,0.2685197307102606,37258.29789847613,72734.42180788885
253,2022-04-02,46285.49805877043,1.6054169048809186,0.279370862000139,0.2723751783953735,0.2537931540304787,37511.195537556654,72760.08716616046
254,2022-04-03,45859.12870068277,-0.9211726695611656,0.2793708620001401,0.2723751783953735,0.2589469316794696,37671.61655666306,72764.59865478538
255,2022-04-04,46445.27161962968,1.278137931430412,0.2793708620001413,0.2723751783953735,0.2691559955559821,37882.27759316976,72771.97559526293
256,2022-04-05,46624.50707545264,0.3859067878660083,0.2793708620001425,0.2723751783953735,0.2719426655173145,37985.71462988988,72772.03109487871
257,2022-04-06,45544.35561952329,-2.3167032182910496,0.2793708620001438,0.2723751783953735,0.2866630594890759,38189.5790841248,72782.56837279051
258,2022-04-07,43207.49887037383,-5.130947001800879,0.2793708620001448,0.2723751783953735,0.2855664642729967,38178.69659426359,72781.97799212
259,2022-04-08,43505.13680265104,0.688857119848918,0.2793708620001455,0.2723751783953735,0.2658916473944231,38335.65351210938,72773.52554997496
260,2022-04-09,42282.07939459544,-2.8112942469383677,0.2793708620001461,0.2723751783953735,0.2507225505623543,38224.91133857631,72770.91667890272
261,2022-04-10,42781.09046341356,1.180195193715794,0.2793708620001467,0.2723751783953735,0.2627788589914545,38285.90392952303,72752.06909265937
262,2022-04-11,42201.03823033143,-1.3558612620643395,0.2793708620001474,0.2723751783953735,0.2709318262649029,38103.17917130944,72741.41181016873
263,2022-04-12,39533.71330624112,-6.320519674260538,0.279370862000148,0.2723751783953735,0.2679162299612321,38048.57461564873,72728.98678601689
264,2022-04-13,40123.56976191839,1.492034029558642,0.2793708620001485,0.2723751783953735,0.2736103308108875,37837.66790565105,72732.63920746466
265,2022-04-14,41160.21914540542,2.5836419581762198,0.2793708620001488,0.2723751783953735,0.2761207751015273,37700.580817351714,72730.61413009626
266,2022-04-15,39939.40395993831,-2.96600749659367,0.2793708620001491,0.2723751783953735,0.2731555493668091,37464.54881275854,72725.84897861864
267,2022-04-16,40552.31769418768,1.5346091165109987,0.2793708620001495,0.2723751783953735,0.270894474194564,37333.49917284727,72731.54859244244
268,2022-04-17,40417.77626722159,-0.3317724722436077,0.2793708620001498,0.2723751783953735,0.276141066011162,37058.28252230588,72724.97223271601
269,2022-04-18,39721.20291530032,-1.7234331431692065,0.2793708620001501,0.2723751783953735,0.263214137788437,36986.06023663475,72729.75223600236
270,2022-04-19,40828.17420343591,2.786852378302962,0.2793708620001503,0.2723751783953735,0.2515542823043838,36729.11325170631,72735.01897521799
271,2022-04-20,41501.74424242493,1.6497677207724326,0.2793708620001505,0.2723751783953735,0.2624345001849988,36702.45042614155,72757.61771758265
272,2022-04-21,41371.51504679231,-0.3137921020184397,0.2793708620001506,0.2723751783953735,0.2788121254152143,36536.85293521002,72774.73429811037
273,2022-04-22,40525.86191823908,-2.044046797891663,0.2793708620001508,0.2723751783953735,0.2820366050765363,36560.59656863448,72788.21831948208
274,2022-04-23,39738.723269661496,-1.942311924581985,0.279370862000151,0.2723751783953735,0.2763652274504588,36497.879900162894,72810.18970292436
275,2022-04-24,39478.37343720399,-0.6551539934758543,0.2793708620001511,0.2723751783953735,0.273524225594965,36592.563305411975,72816.85713597927
276,2022-04-25,39472.60737229702,-0.0146056293736207,0.2793708620001512,0.2723751783953735,0.260957790372918,36618.406334750216,72830.86723965735
277,2022-04-26,40448.42267445845,2.472132871684307,0.2793708620001514,0.2723751783953735,0.2584796925535355,36801.55986476126,72840.45828426126
278,2022-04-27,38120.30263087778,-5.755774612815223,0.2793708620001514,0.2723751783953735,0.2683731085415759,36878.3115135117,72861.70326598574
279,2022-04-28,39241.42852522164,2.9410204457184674,0.2793708620001515,0.2723751783953735,0.2739386970698294,37146.255778794985,72871.15855943049
280,2022-04-29,39768.61581999673,1.34344572709999,0.2793708620001516,0.2723751783953735,0.2670987346092532,37245.97378860368,72870.20624610512
281,2022-04-30,38605.85880537053,-2.923805595571005,0.2793708620001516,0.2723751783953735,0.2675093115716458,37527.14818231872,72870.67544109789
282,2022-05-01,37713.26508974102,-2.3120680208915334,0.2793708620001517,0.2723751783953735,0.2785782655899275,37647.96888638233,72848.67078221776
283,2022-05-02,38472.1871454262,2.0123477876531792,0.2793708620001517,0.2723751783953735,0.2770921117589217,37872.841867859664,72826.92665259
284,2022-05-03,38528.110038067374,0.145359275857615,0.2793708620001518,0.2723751783953735,0.2710671273445957,37974.23665955339,72793.96085009258
285,2022-05-04,37748.0118484619,-2.0247507309201107,0.2793708620001519,0.2723751783953735,0.2648760520426996,38141.83912578523,72766.31253728844
286,2022-05-05,39695.74635071903,5.159833344538112,0.2793708620001519,0.2723751783953735,0.2603222018930312,38158.62067250994,72721.18084407618
287,2022-05-06,36573.18235500367,-7.8662433201959425,0.2793708620001519,0.2723751783953735,0.2579785302295881,38271.78407891043,72660.75251023046
288,2022-05-07,36042.50369399341,-1.4510048807323983,0.2793708620001519,0.2723751783953735,0.2711398589278604,38185.09184226542,72597.80429808504
289,2022-05-08,35502.940203830294,-1.4970200037824566,0.2793708620001519,0.2723751783953735,0.2840326932175805,38233.24404308167,72509.50885662212
290,2022-05-09,34060.01548161972,-4.064240071178404,0.279370862000152,0.2723751783953735,0.2775899479911732,38059.74560010579,72419.76321878324
291,2022-05-10,30273.65421884102,-11.116733827739989,0.279370862000152,0.2723751783953735,0.2677993224843044,38034.51943787926,72318.31433285704
292,2022-05-11,31016.18275233353,2.4527218555280728,0.279370862000152,0.2723751783953735,0.2655181295776067,37822.66234207977,72222.96720649267
293,2022-05-12,28936.7339259087,-6.704399580791042,0.279370862000152,0.2723751783953735,0.267637804760505,37716.58093446733,72112.19281747605
294,2022-05-13,29030.91039107164,0.3254564437163987,0.2793708620001521,0.2723751783953735,0.265146979468052,37499.297346603766,71989.42497611832
295,2022-05-14,29285.643002871293,0.8774530607831066,0.2793708620001521,0.2723751783953735,0.2685648067565696,37359.748224256575,71868.63266165309
296,2022-05-15,30098.5866261369,2.775911811756715,0.2793708620001521,0.2723751783953735,0.2696183790258887,37126.73845891688,71728.09727954278
297,2022-05-16,31304.37414424804,4.006126709830493,0.2793708620001521,0.2723751783953735,0.2670369592959135,37030.40190770669,71592.71474074088
298,2022-05-17,29862.408192941577,-4.606276249644859,0.2793708620001521,0.2723751783953735,0.2715982180446718,36795.78136050953,71453.09741815353
299,2022-05-18,30424.479222550304,1.882202620690121,0.2793708620001521,0.2723751783953735,0.279863168627209,36772.07035511504,71327.76213197794
300,2022-05-19,28720.358563128942,-5.601149807548012,0.2793708620001521,0.2723751783953735,0.2771983406919618,36591.56431345547,71195.7217959
301,2022-05-20,30311.1193461763,5.538791514565444,0.2793708620001521,0.2723751783953735,0.262949287545129,36631.27156215508,71060.77028031654
302,2022-05-21,29199.85900656756,-3.666180476271075,0.2793708620001521,0.2723751783953735,0.2594973194975298,36547.23399444686,70937.04727149698
303,2022-05-22,29432.47239860644,0.7966250521502793,0.2793708620001521,0.2723751783953735,0.2633180987676127,36643.56712575128,70802.81271026703
304,2022-05-23,30309.39648000864,2.979444164682965,0.2793708620001521,0.2723751783953735,0.2695327018603402,36665.00207051737,70682.7507263312
305,2022-05-24,29101.12529432457,-3.9864574224729674,0.2793708620001521,0.2723751783953735,0.2756361196171491,36816.73639176538,70567.0780184094
306,2022-05-25,29653.13529361965,1.8968682266136567,0.2793708620001521,0.2723751783953735,0.2783421860836567,36905.46731964713,70473.74261137082
307,2022-05-26,29564.77651079689,-0.2979745040375903,0.2793708620001521,0.2723751783953735,0.271463163588782,37123.487045660135,70381.03029405339
308,2022-05-27,29251.14086372044,-1.060842272769802,0.2793708620001521,0.2723751783953735,0.2641079056279575,37218.28213822555,70291.86786829753
309,2022-05-28,28622.62513015848,-2.1486879314902008,0.2793708620001521,0.2723751783953735,0.268690662342216,37480.60376562199,70219.40947788206
310,2022-05-29,29019.86741413148,1.3878611139494623,0.2793708620001521,0.2723751783953735,0.2711039402359874,37565.95233070746,70140.83502103435
311,2022-05-30,29443.365710983147,1.4593391858346072,0.2793708620001521,0.2723751783953735,0.2670760278528929,37808.67902532886,70079.67992937448
312,2022-05-31,31723.865101541804,7.745376031205464,0.2793708620001521,0.2723751783953735,0.2636312849156046,37883.14732017089,70024.9705944237
313,2022-06-01,31792.553808712884,0.2165206129556507,0.2793708620001521,0.2723751783953735,0.2684691657931715,38061.65152666084,69993.45068611667
314,2022-06-02,29794.890079780234,-6.283432721234183,0.2793708620001521,0.2723751783953735,0.2728398601304195,38094.68656435095,69962.2149808039
315,2022-06-03,30467.80683960673,2.25849720547604,0.2793708620001521,0.2723751783953735,0.2758706230836713,38197.43291869549,69933.03916141872
316,2022-06-04,29706.13957253697,-2.4999084150672317,0.2793708620001521,0.2723751783953735,0.2770587510855136,38154.89334702394,69917.99122597289
317,2022-06-05,29835.118131770243,0.4341814893797702,0.2793708620001521,0.2723751783953735,0.2690187150267351,38187.67563100938,69893.25292648972
318,2022-06-06,29910.28372359636,0.2519366321733329,0.2793708620001521,0.2723751783953735,0.2599410179960234,38051.84495715526,69881.47000458365
319,2022-06-07,31371.741259994265,4.88613732287988,0.2793708620001521,0.2723751783953735,0.2610333841118644,38028.1686870457,69870.90506497452
320,2022-06-08,31151.47989466442,-0.7021011792250342,0.2793708620001521,0.2723751783953735,0.2715593883960167,37816.1344090957,69877.67797790699
321,2022-06-09,30215.27897458028,-3.005317639000815,0.2793708620001521,0.2723751783953735,0.2746501210413935,37734.52754914666,69878.41016790889
322,2022-06-10,30110.3295199028,-0.3473390226374273,0.2793708620001521,0.2723751783953735,0.2726973238657878,37500.52169776455,69874.56108930403
323,2022-06-11,29084.666534527954,-3.406349255317453,0.2793708620001521,0.2723751783953735,0.2710980330342733,37375.71464755065,69878.04246182961
324,2022-06-12,28373.514252249453,-2.4451106614347906,0.2793708620001521,0.2723751783953735,0.2693929331079885,37154.45729231429,69865.03872407018
325,2022-06-14,22487.98717509208,-20.74303177545505,0.2793708620001521,0.2723751783953735,0.2701065284122051,36845.72159702422,69858.35260129486
326,2022-06-15,22196.730183479227,-1.295167012259113,0.2793708620001521,0.2723751783953735,0.2699705988236409,36800.315452511335,69846.5498480702
327,2022-06-16,22576.30534618698,1.7100499018106063,0.2793708620001521,0.2723751783953735,0.2636924993334824,36642.7683947948,69846.18835614392
328,2022-06-17,20385.718710143447,-9.703034231920991,0.2793708620001521,0.2723751783953735,0.2641217121335811,36676.13180177743,69834.4483548068
329,2022-06-18,20473.424978931507,0.4302338810572292,0.2793708620001521,0.2723751783953735,0.2722674462963012,36587.12612652961,69813.452432406
330,2022-06-19,19010.902084120167,-7.1435184699989,0.2793708620001521,0.2723751783953735,0.2780066560233028,36688.75009325475,69795.86142613037
331,2022-06-20,20553.37025443907,8.113597994949062,0.2793708620001521,0.2723751783953735,0.2747514451677688,36687.83233303385,69758.67514323546
332,2022-06-21,20594.29483720139,0.1991137329581338,0.2793708620001521,0.2723751783953735,0.2687744581255314,36835.59652578001,69725.55733324967
333,2022-06-22,20719.41392721001,0.6075424820208397,0.2793708620001521,0.2723751783953735,0.2645871798199665,36913.00045401031,69685.95949773681
334,2022-06-23,19986.60710158103,-3.536812518942023,0.2793708620001521,0.2723751783953735,0.262750657108057,37101.13993802003,69657.32924372872
335,2022-06-24,21084.648061790565,5.493883752398743,0.2793708620001521,0.2723751783953735,0.268266957148308,37206.46141206734,69617.7203999957
336,2022-06-25,21233.60987142278,0.7064941714733264,0.2793708620001521,0.2723751783953735,0.2738863596085424,37437.27934140326,69570.09408112142
337,2022-06-26,21496.494739785347,1.238060178907063,0.2793708620001521,0.2723751783953735,0.2729921075265485,37526.1772551376,69527.89715656714
338,2022-06-27,21028.23822672836,-2.178292408716964,0.2793708620001521,0.2723751783953735,0.2681105085964021,37763.15698620237,69468.84744277578
339,2022-06-28,20731.54434638512,-1.410930754846229,0.2793708620001521,0.2723751783953735,0.2693528734200897,37822.13617982219,69417.24533044963
340,2022-06-29,20281.16946117985,-2.172413582318577,0.2793708620001521,0.2723751783953735,0.2726130015057658,38010.51179615245,69363.08665877592
341,2022-06-30,20108.312337630447,-0.8523035315111782,0.2793708620001521,0.2723751783953735,0.2711375291097983,38029.88387345152,69324.26269743122
342,2022-07-01,19820.4704741998,-1.4314570939500617,0.2793708620001521,0.2723751783953735,0.2678640412525244,38135.73652596048,69279.16453876832
343,2022-07-02,19274.83628297476,-2.752882137360424,0.2793708620001521,0.2723751783953735,0.2650214185684836,38101.88832115191,69230.98109789791
344,2022-07-03,19242.0947628176,-0.169866657628015,0.2793708620001521,0.2723751783953735,0.2651108671641987,38124.348326135325,69193.27712305108
345,2022-07-04,19297.31418558276,0.2869719926328784,0.2793708620001521,0.2723751783953735,0.2690722530138912,38018.51018103382,69143.78041654828
346,2022-07-05,20225.3534364236,4.809162777347464,0.2793708620001521,0.2723751783953735,0.2764057559539042,37985.457057307794,69106.69780411967
347,2022-07-06,20194.61949892409,-0.1519574804767498,0.2793708620001521,0.2723751783953735,0.276405503704717,37801.18876984612,69071.83444076913
348,2022-07-07,20547.81424115234,1.7489546769973383,0.2793708620001521,0.2723751783953735,0.269048284566199,37736.76292537157,69056.80204981174
349,2022-07-08,21637.15505158262,5.301492400338104,0.2793708620001521,0.2723751783953735,0.26424850409378,37509.06068905495,69039.63310194203
350,2022-07-09,21716.82858548147,0.3682255532620138,0.2793708620001521,0.2723751783953735,0.2659048080698649,37418.789694189945,69023.08981485803
351,2022-07-10,21591.08080216265,-0.5790338254218597,0.2793708620001521,0.2723751783953735,0.2693603131027889,37198.71268516659,69020.25404684948
352,2022-07-11,20856.35296768496,-3.402922906963024,0.2793708620001521,0.2723751783953735,0.2706273852821154,37101.81756025014,69008.32695356081
353,2022-07-12,19970.475022939816,-4.24752086866641,0.2793708620001521,0.2723751783953735,0.2712692525273375,36916.28816209669,69010.95762162923
354,2022-07-13,19325.972724650128,-3.2272757535780072,0.2793708620001521,0.2723751783953735,0.2692347964482526,36851.4842296371,69017.37495891504
355,2022-07-14,20211.465955545355,4.581881820446676,0.2793708620001521,0.2723751783953735,0.2688521047250883,36712.88053153209,69044.60815259028
356,2022-07-15,20573.156297917543,1.7895304732854056,0.2793708620001521,0.2723751783953735,0.2719135701316253,36715.828986020046,69070.11244612452
357,2022-07-16,20834.10412942899,1.2683898752952285,0.2793708620001521,0.2723751783953735,0.2736544872882817,36632.84111747696,69096.08889458953
358,2022-07-17,21195.041213834647,1.7324339081891127,0.2793708620001521,0.2723751783953735,0.2689598653682706,36718.32612659302,69135.0839890758
359,2022-07-18,20781.911503996675,-1.949180969595432,0.2793708620001521,0.2723751783953735,0.2636224812390588,36701.37769538838,69163.79787771072
360,2022-07-19,22467.85009614443,8.112528974168342,0.2793708620001521,0.2723751783953735,0.2651764377778521,36851.53153734802,69205.42029709091
361,2022-07-20,23393.192011630057,4.11851561909975,0.2793708620001521,0.2723751783953735,0.2699611827999743,36907.18191413618,69248.76843539896
362,2022-07-21,23233.20197091283,-0.6839171013416578,0.2793708620001521,0.2723751783953735,0.2741354874424413,37093.32497040159,69310.51201975893
363,2022-07-22,23163.75206257678,-0.298925255429705,0.2793708620001521,0.2723751783953735,0.2744467564031143,37197.53649666772,69367.80239703965
364,2022-07-23,22706.983427210867,-1.9719112608870717,0.2793708620001521,0.2723751783953735,0.2709557339742764,37405.12860927739,69422.59431873332
365,2022-07-24,22465.509266066096,-1.0634356691140323,0.2793708620001521,0.2723751783953735,0.2658182614531946,37508.121515340856,69487.24640026767
366,2022-07-25,22607.155546771657,0.6305055408626581,0.2793708620001521,0.2723751783953735,0.2658334009422333,37718.718544683936,69538.32908490296
367,2022-07-26,21361.12187130348,-5.511678251119534,0.2793708620001521,0.2723751783953735,0.2701622337675801,37784.22059897661,69598.95934611873
368,2022-07-27,21244.16955918891,-0.5475007952259414,0.2793708620001521,0.2723751783953735,0.2712072490349193,37963.64144986653,69657.93648147053
369,2022-07-28,22933.64124896877,7.952637005051089,0.2793708620001521,0.2723751783953735,0.2688618158831241,37977.60748619786,69731.96442802217
370,2022-07-29,23845.212373894152,3.974820723099848,0.2793708620001521,0.2723751783953735,0.2677932535832555,38092.9827989941,69798.27750645908
371,2022-07-30,23796.81861062155,-0.2029496005897746,0.2793708620001521,0.2723751783953735,0.2702463683894863,38054.411279921325,69858.95843771093
372,2022-07-31,23652.069662121907,-0.6082701678241875,0.2793708620001521,0.2723751783953735,0.2722410345839567,38087.88595514086,69926.53472650192
373,2022-08-01,23336.71805186043,-1.3332939348073336,0.2793708620001521,0.2723751783953735,0.2728532259150503,37994.6906197285,69977.78235326524
374,2022-08-02,23308.43417279304,-0.121199043518172,0.2793708620001521,0.2723751783953735,0.2701091502173978,37960.15490300362,70036.05610399802
375,2022-08-03,22981.302705754573,-1.4034896750821368,0.2793708620001521,0.2723751783953735,0.2652846668988291,37803.827166884745,70090.42096924479
376,2022-08-04,22848.21438450044,-0.5791156530948416,0.2793708620001521,0.2723751783953735,0.26423244328472,37735.19666670344,70157.8701021326
377,2022-08-05,22626.833391275144,-0.9689203256753154,0.2793708620001521,0.2723751783953735,0.2691423097487127,37526.86949147756,70215.94628402212
378,2022-08-06,23291.42406079369,2.9371793128366352,0.2793708620001521,0.2723751783953735,0.2742314428431681,37445.90225940763,70267.0557656396
379,2022-08-07,22963.506243621858,-1.4078908027088666,0.2793708620001521,0.2723751783953735,0.2732195096061895,37226.56667584556,70324.0605864887
380,2022-08-08,23179.527049985405,0.940713513310043,0.2793708620001521,0.2723751783953735,0.2698301194774719,37145.24216634567,70364.07830915255
381,2022-08-09,23811.483521591905,2.726356194601043,0.2793708620001521,0.2723751783953735,0.2675646280791555,36958.59440367943,70410.80848310668
382,2022-08-10,23162.89884942404,-2.7238314302413635,0.2793708620001521,0.2723751783953735,0.2678340399713818,36898.8736881614,70453.66024756902
383,2022-08-11,23948.34612720597,3.390971410305399,0.2793708620001521,0.2723751783953735,0.2695352161979338,36770.27908165728,70509.96653867888
384,2022-08-12,23957.20306053137,0.0369834863683582,0.2793708620001521,0.2723751783953735,0.2707257578973901,36761.321784619926,70557.60182571659
385,2022-08-13,24402.18747061798,1.8574138598829395,0.2793708620001521,0.2723751783953735,0.2690808855882788,36693.92379783845,70599.29222482076
386,2022-08-14,24429.05743708156,0.1101129417021784,0.2793708620001521,0.2723751783953735,0.2668335380685002,36759.720420118974,70648.20408139583
387,2022-08-15,24318.31548303852,-0.4533206175811766,0.2793708620001521,0.2723751783953735,0.2691322239598246,36744.71562591122,70681.73995693405
388,2022-08-16,24126.13648257761,-0.7902644432544959,0.2793708620001521,0.2723751783953735,0.2730765032733796,36883.70705595475,70723.8613470208
389,2022-08-17,23881.315512357407,-1.0147541459736065,0.2793708620001521,0.2723751783953735,0.2734847716435444,36919.68204951213,70764.21256684899
390,2022-08-18,23341.038978010583,-2.2623399203752337,0.2793708620001521,0.2723751783953735,0.2695161037202753,37101.63945705561,70820.33131179454
391,2022-08-19,23213.31324159989,-0.5472152997603064,0.2793708620001521,0.2723751783953735,0.2661021722843326,37183.26026730684,70870.26287543618
392,2022-08-20,20872.8421735014,-10.082451581725094,0.2793708620001521,0.2723751783953735,0.2656275054326995,37377.00703495071,70916.86694565986
393,2022-08-21,21160.392783176445,1.3776303547204272,0.2793708620001521,0.2723751783953735,0.268486126342974,37476.277045669805,70973.40315493266
394,2022-08-22,21531.46384880662,1.7536114259901314,0.2793708620001521,0.2723751783953735,0.2725655597407806,37662.78004361715,71017.32441550872
395,2022-08-23,21401.045669959727,-0.6057097639189157,0.2793708620001521,0.2723751783953735,0.2730540900281907,37741.01427006024,71072.59746818592
396,2022-08-24,21526.455593085484,0.5859990444382568,0.2793708620001521,0.2723751783953735,0.2697978419568854,37903.19510376735,71128.82518570023
397,2022-08-25,21395.458389989148,-0.6085405120683895,0.2793708620001521,0.2723751783953735,0.2673510179953209,37930.38482642843,71203.45624156785
398,2022-08-26,21596.08531455697,0.9377079981688796,0.2793708620001521,0.2723751783953735,0.2690535514939143,38047.39885332409,71274.39922385846
399,2022-08-27,20262.4803110224,-6.175216406631101,0.2793708620001521,0.2723751783953735,0.2707933350347588,38011.72234342002,71344.33020063442
400,2022-08-28,20041.03480395418,-1.0928845021394462,0.2793708620001521,0.2723751783953735,0.2700601493948659,38061.5146126969,71426.27998353833
401,2022-08-29,19615.1533628598,-2.1250471607900723,0.2793708620001521,0.2723751783953735,0.2680995269296368,37969.17713852484,71497.43017049253
402,2022-08-30,20298.61208082999,3.484340424603971,0.2793708620001521,0.2723751783953735,0.2672531264834717,37946.07828077235,71581.43742215112
403,2022-08-31,19799.581315787203,-2.4584477158124063,0.2793708620001521,0.2723751783953735,0.2688945977096131,37804.260945735,71667.56051165727
404,2022-09-01,20050.498669841865,1.267286161523984,0.2793708620001521,0.2723751783953735,0.2721120931317409,37732.38856150906,71772.87572686753
405,2022-09-02,20126.07278090152,0.3769188602442463,0.2793708620001521,0.2723751783953735,0.2736825783095592,37548.41420838454,71874.89764113529
406,2022-09-03,19969.71834691689,-0.7768750301499483,0.2793708620001521,0.2723751783953735,0.270383860516107,37461.82137825419,71975.89416368605
407,2022-09-04,19832.47129556646,-0.6872758491940134,0.2793708620001521,0.2723751783953735,0.2662384199592025,37259.34104209975,72088.48198857953
408,2022-09-05,19988.78981843317,0.7881948776683911,0.2793708620001521,0.2723751783953735,0.265975331112596,37182.72969277589,72189.43136567499
409,2022-09-06,19817.724065572373,-0.8558084527110599,0.2793708620001521,0.2723751783953735,0.2692483606478232,36998.839453797584,72301.99946346242
410,2022-09-07,18837.683320773453,-4.945273945465112,0.2793708620001521,0.2723751783953735,0.2717075836092413,36948.72270121727,72415.06665527553
411,2022-09-08,19289.940569121,2.4008113983359003,0.2793708620001521,0.2723751783953735,0.2715292454503867,36816.1389264306,72545.36108173172
412,2022-09-09,19328.13992946332,0.1980273614915484,0.2793708620001521,0.2723751783953735,0.2697825226742272,36807.21838260102,72670.08826676403
413,2022-09-10,21376.91171453879,10.599942842675604,0.2793708620001521,0.2723751783953735,0.2682125886015002,36739.762939887485,72791.25445375612
414,2022-09-11,21678.543569706628,1.411016985033875,0.2793708620001521,0.2723751783953735,0.2691949420480167,36789.23599277808,72921.26953762166
415,2022-09-12,21770.14813305873,0.4225586606293463,0.2793708620001521,0.2723751783953735,0.2711067464861943,36778.81722470958,73036.75828192879
416,2022-09-13,22371.48063978407,2.762188401521226,0.2793708620001521,0.2723751783953735,0.2707159015851748,36897.14069725424,73160.8988730565
417,2022-09-14,20184.555325164954,-9.775505474277912,0.2793708620001521,0.2723751783953735,0.2676996581640898,36930.32265202292,73282.56294886913
418,2022-09-15,20242.28990838792,0.286033466147173,0.2793708620001521,0.2723751783953735,0.2665885244375381,37102.09813081212,73418.54229161952
419,2022-09-16,19704.005440526256,-2.659207383639972,0.2793708620001521,0.2723751783953735,0.2690521352558464,37170.58802812263,73546.17883657043
420,2022-09-17,19777.03402833151,0.3706281345976947,0.2793708620001521,0.2723751783953735,0.2720869552349254,37361.49977296431,73667.68657974302
421,2022-09-18,20127.23394762749,1.7707403384870757,0.2793708620001521,0.2723751783953735,0.2728119549037942,37449.81375476826,73795.75122472236
422,2022-09-19,19418.571421509565,-3.520913643483825,0.2793708620001521,0.2723751783953735,0.2704961584533557,37628.52876563464,73907.33627204398
423,2022-09-20,19545.591275415263,0.6541153370582142,0.2793708620001521,0.2723751783953735,0.2673928423510515,37707.89216719666,74026.01466963561
424,2022-09-21,18891.2828895318,-3.347600881772561,0.2793708620001521,0.2723751783953735,0.2664287778581488,37854.65421927496,74141.10028057394
425,2022-09-22,18534.64959547727,-1.88781935107305,0.2793708620001521,0.2723751783953735,0.2690487701683896,37891.577949399136,74269.86452752943
426,2022-09-23,19412.39992542163,4.735726593712042,0.2793708620001521,0.2723751783953735,0.2715759828149307,37995.815655982,74390.15508300027
427,2022-09-24,19296.99070356904,-0.5945129004964134,0.2793708620001521,0.2723751783953735,0.2709568687799069,37968.16736144624,74504.70544974925
428,2022-09-25,18936.31151524196,-1.869095517884933,0.2793708620001521,0.2723751783953735,0.268867566661552,38020.52949969534,74626.72156980658
429,2022-09-26,18803.90063289787,-0.6992432620128386,0.2793708620001521,0.2723751783953735,0.2685198969125852,37930.555538992965,74733.67449407364
430,2022-09-27,19221.84071275122,2.2226243799765344,0.2793708620001521,0.2723751783953735,0.2700967646247386,37922.5516180362,74849.61858113343
431,2022-09-28,19104.620789502645,-0.6098267330392204,0.2793708620001521,0.2723751783953735,0.2711629024740692,37787.7773536021,74964.30984386832
432,2022-09-29,19427.780190523128,1.6915248126675664,0.2793708620001521,0.2723751783953735,0.2705107893168718,37726.92469751359,75095.410167754
433,2022-09-30,19573.4314212308,0.7497059843137421,0.2793708620001521,0.2723751783953735,0.2681026473925582,37562.57662825882,75221.09462611591
434,2022-10-01,19431.10494591723,-0.7271411550209383,0.2793708620001521,0.2723751783953735,0.2666853715266408,37476.02957956905,75344.35107413889
435,2022-10-02,19311.84870822584,-0.6137388379267139,0.2793708620001521,0.2723751783953735,0.2684547548540439,37297.17775376985,75478.55846826141
436,2022-10-03,19044.067849811498,-1.386614313627477,0.2793708620001521,0.2723751783953735,0.2718595579369628,37216.883526460304,75601.2732124358
437,2022-10-04,19623.584689448744,3.043030744311181,0.2793708620001521,0.2723751783953735,0.27271284324498,37045.64136167453,75736.54322163312
438,2022-10-05,20335.89957937648,3.6298917919452833,0.2793708620001521,0.2723751783953735,0.2701822387379189,36995.8963228028,75874.02448758908
439,2022-10-06,20161.03843820979,-0.8598643029493536,0.2793708620001521,0.2723751783953735,0.267697402053288,36860.13865765117,76031.1859754002
440,2022-10-07,19957.55908041741,-1.0092702239322238,0.2793708620001521,0.2723751783953735,0.2674915560598824,36853.63579610047,76185.92011469441
441,2022-10-08,19546.328837739784,-2.0605237395044496,0.2793708620001521,0.2723751783953735,0.269311602095011,36777.08735186713,76340.84803651339
442,2022-10-09,19417.47941116613,-0.6592001374952527,0.2793708620001521,0.2723751783953735,0.270852647480915,36820.99755897716,76508.90590187979
443,2022-10-10,19446.416225133773,0.1490245636671217,0.2793708620001521,0.2723751783953735,0.2705499699173698,36808.31114365421,76667.14145409668
444,2022-10-11,19138.999877483147,-1.580838053097422,0.2793708620001521,0.2723751783953735,0.2687572642468817,36908.92550752531,76839.04025007832
445,2022-10-12,19052.64578600759,-0.4511943781197902,0.2793708620001521,0.2723751783953735,0.2683162186631236,36944.98663719922,77013.65606025507
446,2022-10-13,19156.96661332697,0.5475398455997871,0.2793708620001521,0.2723751783953735,0.2702472694383328,37097.328619453736,77207.83091684176
