time,open,close,market_cap,volume
2019-04-29,0.00441775409087,0.00442571244046,0.0,0.0
2019-04-30,0.00346221160795,0.00357815363201,0.0,0.0
2019-05-01,0.00444009719144,0.00462034161269,0.0,0.0
2019-05-02,0.00436573209192,0.00426292132829,0.0,0.0
2019-05-03,0.00419225899358,0.00423033968362,0.0,0.0
2019-05-04,0.00425578116918,0.00420156621097,0.0,0.0
2019-05-05,0.00396863310379,0.0039138927582,0.0,0.0
2019-05-06,0.00374566816128,0.00377859739649,0.0,0.0
2019-05-07,0.00376791025764,0.00381505296262,0.0,0.0
2019-05-08,0.00334313396729,0.00338807211238,0.0,0.0
2019-05-09,0.00335118669419,0.00328986161591,7106476.3583004,0.0
2019-05-10,0.0031431216683,0.00319674118968,6905325.61558282,0.0
2019-05-11,0.00377483994902,0.00373614431231,8070497.88909902,0.0
2019-05-12,0.0046189876621,0.00452197313007,9767977.7733822,0.0
2019-05-13,0.00527310616029,0.00534181459096,11538928.8465804,0.0
2019-05-14,0.00854812959357,0.0103366228237,22328284.3770843,0.0
2019-05-15,0.00773121744735,0.00778993428551,16827146.6389257,0.0
2019-05-16,0.00954891493657,0.00899294959114,19425796.9246364,0.0
2019-05-17,0.0108625461638,0.0113281698055,24470138.9615534,0.0
2019-05-18,0.0143527236828,0.0143899562359,31083946.9030719,0.0
2019-05-19,0.0123201489206,0.0132597825961,28642642.9244572,0.0
2019-05-20,0.0202305044718,0.0203352468757,43926452.8524526,0.0
2019-05-21,0.0293493969942,0.0304367850468,65746927.5642847,0.0
2019-05-22,0.0294537227895,0.0301899857412,65213812.9122855,0.0
2019-05-23,0.0221862639415,0.0227549132144,49153208.1505445,0.0
2019-05-24,0.027428834206,0.0277602023437,59965203.6131529,0.0
2019-05-25,0.0253625016556,0.0253374850869,54731857.9839529,0.0
2019-05-26,0.0248878713013,0.0252109167772,54458455.9976069,0.0
2019-05-27,0.0243864846071,0.0239735447512,51785591.2768947,0.0
2019-05-28,0.0222515464503,0.0215224658207,46490981.1973432,0.0
2019-05-29,0.0236421929067,0.0234953836204,50752708.6914828,0.0
2019-05-30,0.0221083779427,0.0219167069683,47342587.0464585,0.0
2019-05-31,0.0197932267663,0.0197255810291,42609505.0804328,0.0
2019-06-01,0.0222004898364,0.022265454177,48095920.7981471,0.0
2019-06-02,0.0210594723664,0.0211215466238,45624949.9999883,0.0
2019-06-03,0.0201137605774,0.0204100231041,44087978.0353714,0.0
2019-06-04,0.0191676144657,0.0188860950927,40796119.699327,0.0
2019-06-05,0.0213067428224,0.0204315270923,44134429.1028004,0.0
2019-06-06,0.022838934374,0.0227056314954,49046754.0160374,0.0
2019-06-07,0.0236765556207,0.0238695877285,51561032.249693,0.0
2019-06-08,0.0244133529269,0.024284256825,52456764.7986075,0.0
2019-06-09,0.0258759875368,0.0255013452714,55085814.6736764,0.0
2019-06-10,0.0254667357138,0.0245714941922,53077230.2763515,0.0
2019-06-11,0.0269873132886,0.0270523859471,58436239.4572962,0.0
2019-06-12,0.0238119091426,0.0234776750611,50714456.1834149,0.0
2019-06-13,0.0229431081358,0.0227088341159,49053672.0416339,0.0
2019-06-14,0.0231822581758,0.0230932171331,49883983.2045879,0.0
2019-06-15,0.0206862277401,0.0210736824916,45521558.0146705,0.0
2019-06-16,0.0218987123964,0.0214832437391,46406257.0271028,0.0
2019-06-17,0.0226468596672,0.0224277791657,48446561.2898259,0.0
2019-06-18,0.0217672785794,0.0219277002906,47366333.8766127,0.0
2019-06-19,0.0224620331756,0.0228948936135,49455581.7798847,0.0
2019-06-20,0.0230538831456,0.0231841203194,50080344.4561406,0.0
2019-06-21,0.0224452573256,0.0225453200425,48700462.9913666,0.0
2019-06-22,0.0211702735339,0.0212491093447,45900500.0279567,0.0
2019-06-23,0.0218388761232,0.0215513880781,46553456.5724313,0.0
2019-06-24,0.0209883905106,0.021283728829,45975282.0630201,0.0
2019-06-25,0.0206638577843,0.0205522389642,44395180.5154662,0.0
2019-06-26,0.0190538333856,0.0190280826331,41102828.9828258,0.0
2019-06-27,0.0178036449094,0.0174363157112,37664430.8618525,0.0
2019-06-28,0.0192798104673,0.0196751423686,42746493.0674374,0.0
2019-06-29,0.0191585103109,0.0194723336896,42305868.0580487,0.0
2019-06-30,0.0238722892308,0.0241595282439,52489333.3548933,0.0
2019-07-01,0.0219707445614,0.0224901647495,48862450.5754179,0.0
2019-07-02,0.0222291699675,0.0220798568425,47971009.8034272,0.0
2019-07-03,0.0200043860798,0.0186765318219,40576897.6453628,0.0
2019-07-04,0.0193309327062,0.0189642060321,41201902.7102115,0.0
2019-07-05,0.0180920163966,0.0178812908495,38849145.8417525,0.0
2019-07-06,0.0181170294921,0.0181642541839,39463915.9910944,0.0
2019-07-07,0.0176057840231,0.0176188965902,38279064.3563954,0.0
2019-07-08,0.017642465333,0.0175584024824,38147634.0007086,0.0
2019-07-09,0.0167208933302,0.0166214452956,36111987.5418575,0.0
2019-07-10,0.0162222896104,0.0157824566438,34289188.9101656,0.0
2019-07-11,0.016143718391,0.0163117181446,35439069.9453806,0.0
2019-07-12,0.0144386117717,0.0144452402076,31383933.535195,0.0
2019-07-13,0.0158383152061,0.015715870837,34144523.6429242,0.0
2019-07-14,0.0166105992628,0.0164309251101,35698060.6875502,0.0
2019-07-15,0.0143082716429,0.0134318782027,29182288.8860364,0.0
2019-07-16,0.0138660844534,0.0139877454971,30389974.1852551,0.0
2019-07-17,0.0119826434925,0.0121778006753,26457662.4040148,0.0
2019-07-18,0.0132393694746,0.0132374403264,28759850.5335656,0.0
2019-07-19,0.0137057674323,0.0137550389348,29884392.6086885,0.0
2019-07-20,0.0134556083015,0.0133171881259,28933111.7334236,0.0
2019-07-21,0.0139723578277,0.0140838849534,30598848.1310777,0.0
2019-07-22,0.0134476741034,0.013372870601,29054088.268292,0.0
2019-07-23,0.0127487095802,0.0126822390576,27553612.3853271,0.0
2019-07-24,0.0114997330574,0.0112438908054,24428636.5796959,0.0
2019-07-25,0.0120394445408,0.0124464602524,27041356.0102777,0.0
2019-07-26,0.0122190531567,0.0120977871106,26283823.7989152,0.0
2019-07-27,0.0127819482881,0.012841341903,27899281.4830033,0.0
2019-07-28,0.0119519533097,0.011893153253,25839233.3785946,0.0
2019-07-29,0.0117902444509,0.0117140278948,25450063.08573,0.0
2019-07-30,0.0114178539405,0.0114003135749,24768482.9064736,0.0
2019-07-31,0.0115414459807,0.0116129308196,25230418.1467961,0.0
2019-08-01,0.0113933989316,0.0113774225849,24718749.6170511,0.0
2019-08-02,0.0107141935764,0.0106650708916,23171084.2284653,0.0
2019-08-03,0.0110948064351,0.0112287757293,24395797.3510595,0.0
2019-08-04,0.0106670484985,0.0107563143801,23369321.1252305,0.0
2019-08-05,0.010264483893,0.010237398235,22241916.5511932,0.0
2019-08-06,0.0117973807283,0.0120406641196,26159717.5787788,0.0
2019-08-07,0.0152805849134,0.0163570524464,35537564.0553382,0.0
2019-08-08,0.0166460164382,0.0169104662186,36739918.6631204,0.0
2019-08-09,0.0143799567869,0.0141639400364,30772776.9394245,0.0
2019-08-10,0.0121969168947,0.012401191487,26943004.4487491,0.0
2019-08-11,0.015011876288,0.0141474781853,30737011.6883285,0.0
2019-08-12,0.0160825286564,0.0161431337863,35072801.3414662,0.0
2019-08-13,0.0169111986675,0.0164927026363,35832279.5811634,0.0
2019-08-14,0.0165642507021,0.0166254156985,36163442.3290791,0.0
2019-08-15,0.0146852667993,0.014846263098,32293446.9178596,0.0
2019-08-16,0.014626957294,0.0144175994173,31361021.8539278,0.0
2019-08-17,0.0133652204097,0.0135235610638,29416318.3335401,0.0
2019-08-18,0.0141601872373,0.0144010400977,31325002.1831886,0.0
2019-08-19,0.0139190137604,0.0139021719672,30239869.0837028,0.0
2019-08-20,0.0154660988511,0.0153944495962,33485856.8505041,0.0
2019-08-21,0.0157582100961,0.0156912983196,34131559.3029309,0.0
2019-08-22,0.0154135031522,0.0154910909099,33696070.0949712,0.0
2019-08-23,0.0167943579977,0.0170777470471,37147349.0737512,0.0
2019-08-24,0.0153816278063,0.0152603352283,33194132.5834537,0.0
2019-08-25,0.0148569406921,0.0148390919692,32277848.3483262,0.0
2019-08-26,0.0137546310199,0.0139496246157,30343087.6226261,0.0
2019-08-27,0.0139381798326,0.0141654132647,30812468.9905811,0.0
2019-08-28,0.014230169175,0.014251807216,31000392.2721445,0.0
2019-08-29,0.0129416809008,0.0124427352414,27065316.5297375,0.0
2019-08-30,0.011708756962,0.0118070339906,25682545.3594561,0.0
2019-08-31,0.0122709273329,0.0122298876147,26602332.4448498,0.0
2019-09-01,0.0118468653612,0.0118263102053,25724474.7939598,0.0
2019-09-02,0.0122297869628,0.0122171477498,26574620.8147802,0.0
2019-09-03,0.0137189590789,0.0136261867552,29639548.7381044,0.0
2019-09-04,0.0143492268548,0.0144841171034,31505710.4769833,0.0
2019-09-05,0.0141509522649,0.0143541767186,31467087.8569597,0.0
2019-09-06,0.0148446467448,0.0147941933027,32431687.9717439,0.0
2019-09-07,0.0136581723201,0.0135832985738,29777176.2176527,0.0
2019-09-08,0.0139031634504,0.0138768078442,30420604.4113812,0.0
2019-09-09,0.0139274260709,0.0138400913941,30340114.9633452,0.0
2019-09-10,0.0141576111975,0.0142173457079,31167128.2340804,0.0
2019-09-11,0.0135404658629,0.0137300953049,30098982.5967432,0.0
2019-09-12,0.0131170984719,0.0131275233591,28778030.1847489,0.0
2019-09-13,0.0129754209089,0.0128782092561,28231486.2110416,0.0
2019-09-14,0.0129354329172,0.0129875444436,28471169.7553066,0.0
2019-09-15,0.0131076261446,0.0131381301231,28801282.2305617,0.0
2019-09-16,0.0129209348339,0.0129149423962,28312012.2467348,0.0
2019-09-17,0.0129071628505,0.0128472399072,28163595.5028656,0.0
2019-09-18,0.0135338035422,0.0135490058136,29701999.9592559,0.0
2019-09-19,0.0143557177171,0.014318427794,31388719.4089997,0.0
2019-09-20,0.0137453688893,0.0138260213435,30309270.734027,0.0
2019-09-21,0.0136800831553,0.0136348039094,29890085.7179466,0.0
2019-09-22,0.013394455314,0.0132953346574,29145904.4955169,0.0
2019-09-23,0.0125913953682,0.0123937767353,27169517.9079045,0.0
2019-09-24,0.0122492906902,0.0123574184992,27089813.7331467,0.0
2019-09-25,0.0110612297585,0.0113687555096,24922476.2560795,0.0
2019-09-26,0.0110381986781,0.0111280017822,24394698.2552577,0.0
2019-09-27,0.0106401361178,0.0105723244531,23176547.7700227,0.0
2019-09-28,0.0109528910906,0.0109329604056,23967130.4292839,0.0
2019-09-29,0.0112567548564,0.0111564330933,24457025.1014301,0.0
2019-09-30,0.0109390174482,0.0110026381045,24119877.2092588,0.0
2019-10-01,0.0108506516124,0.010804388842,23685277.0867327,0.0
2019-10-02,0.0107306171196,0.0107187742047,23497593.5039976,0.0
2019-10-03,0.0108454632254,0.0108508717955,23787176.5693927,0.0
2019-10-04,0.0106658786797,0.0106485528336,23343654.8910657,0.0
2019-10-05,0.0107157885075,0.0106883945094,23430995.4287604,0.0
2019-10-06,0.010587088597,0.0106602057081,23369200.2102342,0.0
2019-10-07,0.0103828967486,0.0103578851969,22706456.0993467,0.0
2019-10-08,0.0110022129147,0.0110367917958,24194748.6021534,0.0
2019-10-09,0.0124392420908,0.0125071049231,27417954.8689426,0.0
2019-10-10,0.0143222648851,0.0142809663512,31306596.7951469,0.0
2019-10-11,0.016192712005,0.015896170862,34847432.5563816,0.0
2019-10-12,0.0159584593502,0.0160371757068,35156542.0181475,0.0
2019-10-13,0.0155900654609,0.0156683100532,34347918.2874527,0.0
2019-10-14,0.015020864824,0.0153308607433,33608165.1626264,0.0
2019-10-15,0.0153064516811,0.0151096582445,33123247.1767067,0.0
2019-10-16,0.0144153864068,0.0143560382084,31471168.5969582,0.0
2019-10-17,0.0139034662016,0.0138055693181,30264436.0010617,0.0
2019-10-18,0.0143430303119,0.0143831451329,31530592.1355906,0.0
2019-10-19,0.0133693472475,0.0132927307839,29140196.3091263,0.0
2019-10-20,0.0138127697704,0.0137326468242,30104576.0127611,0.0
2019-10-21,0.0138731761207,0.0137089028717,30052524.7489349,0.0
2019-10-22,0.0149427712494,0.0148502411386,32925811.5258798,0.0
2019-10-23,0.0145377641887,0.0146686366048,32523159.703843,0.0
2019-10-24,0.0132976930517,0.0133589274343,29953258.3398448,0.0
2019-10-25,0.01359421931,0.0135435984953,30841351.9602949,0.0
2019-10-26,0.0143910988041,0.0144320326777,32864485.7177275,0.0
2019-10-27,0.0135469894594,0.0135086510341,31702764.6435293,0.0
2019-10-28,0.0140924105904,0.0142198418504,33371822.1244639,0.0
2019-10-29,0.0141370198603,0.0141045344578,33162920.4196651,0.0
2019-10-30,0.0140980464526,0.0140935774218,33602246.0281889,0.0
2019-10-31,0.0134760533302,0.0135455645886,32295660.659785,0.0
2019-11-01,0.0136607156186,0.0136146046445,32460267.6204395,0.0
2019-11-02,0.0137831629738,0.0138177753211,32944672.0307965,0.0
2019-11-03,0.0135951929074,0.0136278293045,32491798.1726662,0.0
2019-11-04,0.0135727276831,0.013609149221,32447260.6686097,0.0
2019-11-05,0.0143969900167,0.0142769919851,34039547.4383778,0.0
2019-11-06,0.0147078041647,0.0148186528294,35330988.2421762,0.0
2019-11-07,0.0144975840112,0.014416500459,34372166.8949363,0.0
2019-11-08,0.0151413449351,0.0151166518184,36074074.4931111,0.0
2019-11-09,0.0143800652118,0.0144674758136,34524893.904868,0.0
2019-11-10,0.0148763852067,0.0149135352048,35589361.0831696,0.0
2019-11-11,0.0157350028297,0.0156990765105,37463961.0884926,0.0
2019-11-12,0.0154019680619,0.0154413921021,36849028.1882706,0.0
2019-11-13,0.0148853067944,0.0147886453945,35291326.5465331,0.0
2019-11-14,0.0149774431681,0.0150248722911,35889330.9491432,0.0
2019-11-15,0.0145373081644,0.0143832111835,34356619.8949872,0.0
2019-11-16,0.0138429396305,0.0139148145398,33237778.9600679,0.0
2019-11-17,0.0144622270113,0.0146328438666,34952907.8238241,0.0
2019-11-18,0.0144140452647,0.0145535852595,34763585.8565109,0.0
2019-11-19,0.0141790646137,0.0142644379447,34072910.8562276,0.0
2019-11-20,0.0149633585753,0.014881679428,35547291.6989064,0.0
2019-11-21,0.0144049832627,0.014248343346,34889366.911966,0.0
2019-11-22,0.0142482442906,0.0143128331267,35047280.5420826,0.0
2019-11-23,0.0140687151666,0.0137931459807,33774742.7406043,0.0
2019-11-24,0.016903563156,0.0165982172163,40730631.6450631,0.0
2019-11-25,0.0153516447152,0.0158241499425,38989377.0367565,0.0
2019-11-26,0.0202307198649,0.0211689842669,52158600.1185814,0.0
2019-11-27,0.0218377515797,0.0216289792168,53291989.0590189,0.0
2019-11-28,0.0245644252059,0.0244520507683,60928071.0914858,0.0
2019-11-29,0.022764834583,0.0228739308949,57206252.1274966,0.0
2019-11-30,0.0246372143894,0.0244748813531,61210127.8048443,0.0
2019-12-01,0.0289994546583,0.0284676904039,71641125.5477053,0.0
2019-12-02,0.0265461744529,0.0264917758392,66668585.0502922,0.0
2019-12-03,0.0263957862776,0.0275109071568,69233307.1488498,0.0
2019-12-04,0.0293164078864,0.0284106217131,72057777.2328476,0.0
2019-12-05,0.0321462325432,0.0326804400334,82985346.342093,0.0
2019-12-06,0.0333403236626,0.0332257572552,84370068.7776273,0.0
2019-12-07,0.0415095359221,0.0404746937568,103173806.778438,0.0
2019-12-08,0.0391223812384,0.0386746262344,98585265.1118799,0.0
2019-12-09,0.0416763795374,0.0425641124425,108499931.814812,0.0
2019-12-10,0.0356124225058,0.03063255732,78085273.9505191,0.0
2019-12-11,0.0173955397596,0.0183551762255,46789073.1095585,0.0
2019-12-12,0.0179141565903,0.0175623781953,44768156.2553467,0.0
2019-12-13,0.0158359794174,0.0161312746561,41120138.5354213,0.0
2019-12-14,0.0160468696927,0.0159778594737,40729068.7850008,0.0
2019-12-15,0.0137021901653,0.0136527852666,34802235.6277132,0.0
2019-12-16,0.014292330668,0.0138667662123,35347693.2135958,0.0
2019-12-17,0.0133128720758,0.0129851120187,33100273.6293376,0.0
2019-12-18,0.0120683361158,0.012191846923,31078166.1811724,0.0
2019-12-19,0.0127199702924,0.0129406570812,32986953.8063506,0.0
2019-12-20,0.0132319944536,0.0137137300477,34957589.615248,0.0
2019-12-21,0.015654861816,0.0155483445075,39634194.6792834,0.0
2019-12-22,0.0181767184674,0.0188919607985,48157387.546948,0.0
2019-12-23,0.0161756116834,0.0158006268646,40277286.170511,0.0
2019-12-24,0.0151448580227,0.0148616399229,37883720.0110597,0.0
2019-12-25,0.0162539429985,0.0168928478691,43061460.3894624,0.0
2019-12-26,0.0157928477591,0.0160710981803,40966743.0304645,0.0
2019-12-27,0.015728053067,0.0158377842644,40372003.882531,0.0
2019-12-28,0.0152868669602,0.0152535122996,38882639.6105109,0.0
2019-12-29,0.0149571455189,0.0149801186681,38185733.4923245,0.0
2019-12-30,0.014799578458,0.0148140942023,37762521.4908238,0.0
2019-12-31,0.0144169904754,0.0144105960402,36733966.669332,0.0
2020-01-01,0.0138073728242,0.0138193247086,35226760.3520544,0.0
2020-01-02,0.0149419878285,0.0149923392991,38216885.0318292,0.0
2020-01-03,0.0146939719991,0.0146087101911,37238978.3007442,0.0
2020-01-04,0.0151696391164,0.0151392791643,38591448.5887837,0.0
2020-01-05,0.0149540093906,0.0151273768695,38561108.5182376,0.0
2020-01-06,0.0149082852306,0.0150174465764,38280885.8465715,0.0
2020-01-07,0.0155867215041,0.0155611319886,39666791.1730857,0.0
2020-01-08,0.0150997472677,0.0149593929569,38132901.7022795,0.0
2020-01-09,0.0150249469527,0.0149900973028,38211169.9720823,0.0
2020-01-10,0.0146913563221,0.0146547456541,37356327.0321036,0.0
2020-01-11,0.0148634233971,0.0148575739327,37873355.4190562,0.0
2020-01-12,0.0147982883082,0.0147813770364,37679122.3532494,0.0
2020-01-13,0.0149887649184,0.0149782794609,38181045.1799331,0.0
2020-01-14,0.0155052222974,0.0153751192997,39192627.3081724,0.0
2020-01-15,0.0156988759796,0.015641686023,39872130.9943169,0.0
2020-01-16,0.0163805042296,0.0162569597205,41440521.6031045,0.0
2020-01-17,0.0160643773651,0.0159172755809,40574634.7357356,0.0
2020-01-18,0.0188160200911,0.0186338411525,47499416.2564883,0.0
2020-01-19,0.017519336847,0.0172132588365,43878218.1255148,0.0
2020-01-20,0.0163969125378,0.0164666566684,41975058.8750765,0.0
2020-01-21,0.0168656222748,0.0168190355392,42873305.8080163,0.0
2020-01-22,0.0171562444648,0.0170753186188,43526595.5177325,0.0
2020-01-23,0.0170948345501,0.0170614765687,43491310.8282173,0.0
2020-01-24,0.0159493738187,0.0159923467584,40765998.2382875,0.0
2020-01-25,0.0162775013382,0.0159357796236,40621803.2835107,0.0
2020-01-26,0.0160631439637,0.0160683123256,40959641.624429,0.0
2020-01-27,0.0164743491567,0.0166297852052,42547366.7448925,0.0
2020-01-28,0.016913427585,0.0170010432217,43497231.7485648,0.0
2020-01-29,0.0172331071817,0.0171097937278,43775470.319276,0.0
2020-01-30,0.0171055840455,0.0170227698315,43552819.3598223,0.0
2020-01-31,0.0186339521302,0.01858586484,47552003.7006378,0.0
2020-02-01,0.0179013815024,0.0180085863084,46075034.4496905,0.0
2020-02-02,0.0183012512176,0.0181812186522,46516714.9376257,0.0
2020-02-03,0.0191153080389,0.0194947134236,49877296.1517943,0.0
2020-02-04,0.0218916820311,0.0221785536297,56743911.2117361,0.0
2020-02-05,0.021117988418,0.0210324239777,53811534.2724602,0.0
2020-02-06,0.0215295257026,0.0218626574885,55935689.7700828,0.0
2020-02-07,0.0244709928833,0.024879590548,63654524.1232288,0.0
2020-02-08,0.022966678367,0.0215996824492,55262867.1627077,0.0
2020-02-09,0.0211588998432,0.0211586958121,54134601.2262106,0.0
2020-02-10,0.0219291162013,0.022103020592,56550659.6563659,0.0
2020-02-11,0.0216045313878,0.0212368964136,54334677.7533958,0.0
2020-02-12,0.0228099315121,0.0228128389632,58366732.5754716,0.0
2020-02-13,0.0228979369797,0.0228497711698,58461223.7621898,0.0
2020-02-14,0.0222500762495,0.0222743147598,56988916.4160725,0.0
2020-02-15,0.0232488291054,0.0233781010687,59812957.7559495,0.0
2020-02-16,0.0208706650365,0.0210307175457,53807168.3598983,0.0
2020-02-17,0.0201318535788,0.019924920905,50977983.578701,0.0
2020-02-18,0.0200430496883,0.02039038111,52168865.2288798,0.0
2020-02-19,0.0215200966606,0.0213578242144,54644071.9774825,0.0
2020-02-20,0.0207044604413,0.0206681864259,52879631.1536003,0.0
2020-02-21,0.0207097324946,0.0212380468946,54337621.263275,0.0
2020-02-22,0.0207487070858,0.0207051512957,52974205.9092361,0.0
2020-02-23,0.0208253646959,0.0215526698301,55142585.2034518,0.0
2020-02-24,0.0222776605628,0.0221921159954,56778610.5743705,0.0
2020-02-25,0.0207367417968,0.0205290561655,52523665.8695328,0.0
2020-02-26,0.0191314613321,0.0192175177933,49168090.1099286,0.0
2020-02-27,0.0183033684542,0.0179684332117,45972302.6037793,0.0
2020-02-28,0.0195917017918,0.0196095213728,50171032.7130046,0.0
2020-02-29,0.0199920133137,0.020407447267,52212529.0544701,0.0
2020-03-01,0.0203350464555,0.0203582573499,52086676.4702557,0.0
2020-03-03,0.0212318915262,0.0210158860996,53769222.0503828,0.0
2020-03-04,0.023462722716,0.0238615474667,61049857.1472159,0.0
2020-03-05,0.0251392762336,0.0258391013342,71277256.2733182,0.0
2020-03-06,0.0264824077454,0.0259303729736,71529029.4270304,0.0
2020-03-07,0.0248717766996,0.0253703314522,69984152.8259354,0.0
2020-03-08,0.0268266578182,0.0260364873823,71821746.414567,0.0
2020-03-09,0.0213874233883,0.0218388009951,60242413.0428038,0.0
2020-03-10,0.0205328983453,0.0207341191538,57195144.1117205,0.0
2020-03-11,0.0206120214195,0.0209324867134,57742341.7560599,0.0
2020-03-12,0.0189515069715,0.0186536685745,51456213.5201806,0.0
2020-03-13,0.00933157547657,0.00883926287933,24383139.2341548,0.0
2020-03-14,0.0107874699444,0.0105991646797,29237834.8374735,0.0
2020-03-15,0.0098720666694,0.010103869824,27871562.1523682,0.0
2020-03-16,0.00990161513379,0.00964082541844,26594252.4528492,0.0
2020-03-17,0.00810945604924,0.00810690288236,22362921.4830341,0.0
2020-03-18,0.00905983306627,0.00885128452723,24416300.9941987,0.0
2020-03-19,0.00886373394212,0.00888685049894,24514409.8582569,0.0
2020-03-20,0.011239992189,0.0110125729779,30378223.1518811,0.0
2020-03-21,0.0108322971561,0.0106925234105,29495365.2405055,0.0
2020-03-22,0.0112040347049,0.0111709228361,30815031.8194034,0.0
2020-03-23,0.0100569649302,0.0102321172816,28225333.2368779,0.0
2020-03-24,0.0110888293491,0.0112416960201,31010259.9083374,0.0
2020-03-25,0.0112755245326,0.0112913301206,31147175.7575179,0.0
2020-03-26,0.0114448602734,0.0114338066812,31540197.8751016,0.0
2020-03-27,0.0118562376365,0.0120713954899,33298988.9540529,0.0
2020-03-28,0.0110041697273,0.0108365365391,29892625.986581,0.0
2020-03-29,0.0106496217529,0.0106052481536,29254616.1226503,0.0
2020-03-30,0.0100854345214,0.0101091261169,27886061.6557075,0.0
2020-03-31,0.0107617543317,0.0108651404106,29971529.8715477,0.0
2020-04-01,0.011043270906,0.0108993754747,30065967.4220579,0.0
2020-04-02,0.0112721434919,0.0113083769389,31194199.468633,0.0
2020-04-03,0.0115582031242,0.011455659069,31600477.7673958,0.0
2020-04-04,0.0115716493771,0.0115981624999,31993574.0068011,0.0
2020-04-05,0.0117566536614,0.0116933319684,32256099.336453,0.0
2020-04-06,0.0114546426689,0.0115538048208,31871213.1855014,0.0
2020-04-07,0.0134128766306,0.0136221199204,37576668.0115574,0.0
2020-04-08,0.0129196421425,0.0128714809307,35506027.5916147,0.0
2020-04-09,0.0137165037257,0.0138063040208,38084740.5314134,0.0
2020-04-10,0.0135495560088,0.0134636515163,37139532.334733,0.0
2020-04-11,0.0120330473621,0.0120366243757,33203072.7073659,0.0
2020-04-12,0.0121718739252,0.0122450860053,33778114.8810071,0.0
2020-04-13,0.0123160275966,0.0119510069839,32966896.8164999,0.0
2020-04-14,0.0120128724868,0.0119710140439,33022086.3652559,0.0
2020-04-15,0.0121564481836,0.0121218515927,33438172.2996079,0.0
2020-04-16,0.0116429388652,0.0114491440822,31582506.1522938,0.0
2020-04-17,0.012643299358,0.0126937930679,35015874.9671234,0.0
2020-04-18,0.0128269206717,0.0128701811289,35502442.0835583,0.0
2020-04-19,0.0133829760015,0.0133524070244,36832663.9937797,0.0
2020-04-20,0.0129857037368,0.0131874818033,36377717.163461,0.0
2020-04-21,0.0121067586056,0.0122408918929,33766545.4064922,0.0
2020-04-22,0.0120822901563,0.0120622783419,33273839.2676891,0.0
2020-04-23,0.012775598187,0.0127942516214,35292990.2572434,0.0
2020-04-24,0.014212327053,0.0152675681316,42115642.9672747,0.0
2020-04-25,0.0147643227615,0.0146320134732,40362463.0994239,0.0
2020-04-26,0.0151255083882,0.0151992137152,41927087.0576809,0.0
2020-04-27,0.0156258693814,0.0157575054833,54103464.3784197,0.0
2020-04-28,0.0154458314639,0.0152825697386,52472770.4102248,0.0
2020-04-29,0.0157943979272,0.0157303315152,54010162.4394372,0.0
2020-04-30,0.0165268830273,0.0166142816453,57045209.0987482,0.0
2020-05-01,0.0155017630625,0.0156554914212,53753198.6475415,0.0
2020-05-02,0.016020053975,0.0160529922878,55118019.6212214,0.0
2020-05-03,0.0169470235057,0.0171896039721,59020580.8380836,0.0
2020-05-04,0.0171253466935,0.0169261811635,58116117.466222,0.0
2020-05-05,0.0170661917229,0.0169576315948,58224102.6604096,0.0
2020-05-06,0.0169483573029,0.0168950411372,58009198.0489671,0.0
2020-05-07,0.0172875190577,0.0175284902815,60184148.4718305,0.0
2020-05-08,0.0173974859037,0.0175165875894,60143280.5261571,0.0
2020-05-09,0.0179442188973,0.018160091696,62352754.7062993,0.0
2020-05-10,0.0173200779831,0.0155275534324,53313923.0003254,0.0
2020-05-11,0.015356201071,0.0154297305298,52978047.6340232,0.0
2020-05-12,0.0150675106252,0.0149555291444,51349875.0917146,0.0
2020-05-13,0.0169175578866,0.0172899538237,59365132.4948909,0.0
2020-05-14,0.0192156475596,0.0192073120948,65948390.5512544,0.0
2020-05-15,0.0199378054859,0.0188333253359,64664305.3697775,0.0
2020-05-16,0.0192719172587,0.019077426743,65502428.6246133,0.0
2020-05-17,0.0200116835479,0.0199988455287,68666124.0777141,0.0
2020-05-18,0.0202722907834,0.0205284255852,70484439.5307999,0.0
2020-05-19,0.0206299530907,0.020509182155,70418367.1285756,0.0
2020-05-20,0.0221236475356,0.022175220025,76138715.4824552,0.0
2020-05-21,0.0208805655981,0.0209051599556,71777958.6484461,0.0
2020-05-22,0.0192755983954,0.0190477602439,65400568.5694802,0.0
2020-05-23,0.0204316096284,0.0206785749888,70999978.1684176,0.0
2020-05-24,0.0201971420949,0.0203210577754,69772441.243848,0.0
2020-05-25,0.0194341022789,0.0197019068809,67646583.9245566,0.0
2020-05-26,0.0212434985739,0.021539116721,73954651.9905888,0.0
2020-05-27,0.0258181167412,0.0253922652128,87184454.2833312,0.0
2020-05-28,0.0243882986211,0.0245603285811,84327996.199532,0.0
2020-05-29,0.025140124863,0.0253315408859,86975957.0398545,0.0
2020-05-30,0.025933204298,0.0249073389825,85519457.9388906,0.0
2020-05-31,0.0240804154557,0.0235361033128,80811314.2362812,0.0
2020-06-01,0.0203610751039,0.0209624646821,71974714.67891,0.0
2020-06-02,0.0217087576947,0.0220635014475,75755129.2552706,0.0
2020-06-03,0.0207812914123,0.0208317973385,71526067.7799844,0.0
2020-06-04,0.0216376155532,0.0216195762162,74230910.0212189,0.0
2020-06-05,0.0217337831056,0.0215362585792,73944838.763511,0.0
2020-06-06,0.0206984362696,0.0205164593984,71512425.5498736,0.0
2020-06-07,0.0206299486881,0.0206506419639,71980133.9657885,0.0
2020-06-08,0.0203596038856,0.0203402373886,70898183.9250709,0.0
2020-06-09,0.0203313123815,0.0202346072617,70529998.2435615,0.0
2020-06-10,0.0202185733723,0.0203471202872,70922175.0418684,0.0
2020-06-11,0.021281506919,0.02108373578,73489731.1471802,0.0
2020-06-12,0.0197214940662,0.0197846516083,68961627.2327709,0.0
2020-06-13,0.0204971060212,0.0205637687652,71677327.6660428,0.0
2020-06-14,0.0207015079251,0.0207820297312,72438100.7984058,0.0
2020-06-15,0.0206723592614,0.0206026119385,71812719.9130576,0.0
2020-06-16,0.0204454549045,0.0202924339465,70731559.653903,0.0
2020-06-17,0.0206016435029,0.0205213710553,71529545.6821326,0.0
2020-06-18,0.0207378014925,0.020677088629,72072316.7899436,0.0
2020-06-19,0.0204753721597,0.020356922651,70956342.2828065,0.0
2020-06-20,0.0201348108677,0.0204509823949,71284198.0937079,0.0
2020-06-21,0.0225740846968,0.022293489254,77706462.8728245,0.0
2020-06-22,0.021398141282,0.0216883944794,75597337.0154373,0.0
2020-06-23,0.0220584172605,0.0220119514145,76776667.6885928,0.0
2020-06-24,0.0226952799456,0.0225908746464,78795925.1254193,0.0
2020-06-25,0.0223922688203,0.0222060043679,77453515.408117,0.0
2020-06-26,0.02161360903,0.0218227847236,76116863.0265031,0.0
2020-06-27,0.0208324793252,0.0208654415027,72777694.1835922,0.0
2020-06-28,0.0194358261726,0.0187519042506,65405774.0754527,0.0
2020-06-29,0.0201026107484,0.0200337858406,69876917.7282014,0.0
2020-06-30,0.019662714477,0.019569450983,68257339.2370958,0.0
2020-07-01,0.0190095675938,0.0188269869527,65667659.0650995,0.0
2020-07-02,0.0187171434349,0.0189248660742,66009056.9104585,0.0
2020-07-03,0.0190987591696,0.0190512727523,66579185.5365045,0.0
2020-07-04,0.0192433292739,0.019292390207,67421827.5983385,0.0
2020-07-05,0.0195105610409,0.0194319226311,67909456.7070757,0.0
2020-07-06,0.0190665278827,0.018993356497,66376783.4630402,0.0
2020-07-07,0.0199268162877,0.0199053757583,69699072.3204714,0.0
2020-07-08,0.0201038499883,0.0200178958438,70093063.6558774,0.0
2020-07-09,0.0216339167522,0.0212141137767,74281644.7320963,0.0
2020-07-10,0.0206981774834,0.0205101133868,76431354.9167176,0.0
2020-07-11,0.0211065842139,0.0209299197939,77995772.0358362,0.0
2020-07-12,0.0212979252708,0.0212650957604,79244812.0958293,0.0
2020-07-13,0.021159136348,0.0211925924695,78974627.1068485,0.0
2020-07-14,0.0224241019395,0.0221855767568,82825491.7550205,0.0
2020-07-15,0.0223529755861,0.0230019991363,85873444.2965818,0.0
2020-07-16,0.0222576881182,0.0225285013769,84105733.4456486,0.0
2020-07-17,0.0208958652122,0.0208230483408,77738759.6261927,0.0
2020-07-18,0.0211815160925,0.0209782058635,78318009.7515328,0.0
2020-07-19,0.0214950823923,0.0213761808302,79803771.0947898,0.0
2020-07-20,0.0212435559884,0.0210749319512,78679117.5950256,0.0
2020-07-21,0.0216052135225,0.0214977921832,80403606.3227812,0.0
2020-07-22,0.0212650527077,0.021183467893,79228006.2299178,0.0
2020-07-23,0.0212127153586,0.0210982304058,78909210.638893,0.0
2020-07-24,0.021052021206,0.0210847928698,78858953.0894067,0.0
2020-07-25,0.0206434921505,0.0208442505845,77959304.0907362,0.0
2020-07-26,0.0208581565185,0.020838047391,77936103.6093161,0.0
2020-07-27,0.0206942617933,0.0205216119982,76752607.8097257,0.0
2020-07-28,0.0199127957297,0.0198730783662,74327035.8072592,0.0
2020-07-29,0.0204880637646,0.0204491710712,76620382.6259682,0.0
2020-07-30,0.0203814264545,0.0202785078791,75980929.8563013,0.0
2020-07-31,0.020419094479,0.0203491349846,76245560.4287745,0.0
2020-08-01,0.0202578046921,0.0202790226804,75982858.749773,0.0
2020-08-02,0.0210080125456,0.0208576222371,78150795.98631,0.0
2020-08-03,0.0200005815893,0.0201084177584,75343624.3105872,0.0
2020-08-04,0.0204584231621,0.0205363488417,76947026.3861935,0.0
2020-08-05,0.0206499300257,0.0206427137,77485584.6622858,0.0
2020-08-06,0.0213498923418,0.0214968776306,80691819.6816659,0.0
2020-08-07,0.0217668685855,0.0218816427832,82136094.5594832,0.0
2020-08-08,0.0213764601564,0.0214956236132,80687112.5354627,0.0
2020-08-09,0.0228713657297,0.0226969536505,85196488.6603933,0.0
2020-08-10,0.0227788159501,0.0229539424079,86161135.2862278,0.0
2020-08-11,0.0243790305763,0.0254958433864,95875492.1647907,0.0
2020-08-12,0.0231159052558,0.0227529508096,85614683.898877,0.0
2020-08-13,0.0255467472548,0.0251667363084,94697263.3062154,0.0
2020-08-14,0.0274329595629,0.0271213649949,102052129.869886,0.0
2020-08-15,0.0282226518695,0.0274161710299,103161424.471242,0.0
2020-08-16,0.0301293742251,0.0298483030096,112313037.920629,0.0
2020-08-17,0.0301611128206,0.0304065956559,114413778.560207,0.0
2020-08-18,0.0287096907868,0.0290315160614,109436561.929179,0.0
2020-08-19,0.0269329596669,0.0273247799501,103002887.168756,0.0
2020-08-20,0.0248964534005,0.0251531433952,94816733.9611398,0.0
2020-08-21,0.0266800188572,0.0270671980796,102031912.237127,0.0
2020-08-22,0.0249810571174,0.0244059235906,92000030.6843329,0.0
2020-08-23,0.0261551402733,0.0257712922005,97146894.048873,0.0
2020-08-24,0.0253487202,0.02552451158,96216635.2707523,0.0
2020-08-25,0.0279407781255,0.0277344825917,104735420.855109,0.0
2020-08-26,0.0257980571292,0.0262666945983,99192523.3913999,0.0
2020-08-27,0.0269188566105,0.0273467380254,103271157.362851,0.0
2020-08-28,0.0257661036052,0.0256526757748,96873766.599035,0.0
2020-08-29,0.0268624901459,0.0271296206333,102451243.691796,0.0
2020-08-30,0.0276418289992,0.0281308353698,106232192.063447,0.0
2020-08-31,0.027157791023,0.0273403228963,103246931.518943,0.0
2020-09-01,0.0265670847429,0.0265494064011,100440234.326531,0.0
2020-09-02,0.0256263174716,0.025625072672,96943346.4886594,0.0
2020-09-03,0.0235069501118,0.0236814100169,89590190.2794161,0.0
2020-09-04,0.019450650186,0.019319705295,73089232.114392,0.0
2020-09-05,0.0194251190196,0.0195969964685,74138264.6246581,0.0
2020-09-06,0.0180386023885,0.0181131137638,68524522.2937945,0.0
2020-09-07,0.0188047680492,0.0188811830259,71430239.1109183,0.0
2020-09-08,0.018817399695,0.0187001212422,70745256.2639325,0.0
2020-09-09,0.0182667451264,0.0184618974562,69844021.316284,0.0
2020-09-10,0.0201609476455,0.0204625429137,77412751.6871177,0.0
2020-09-11,0.0204667265339,0.0210344673765,80004465.4114413,0.0
2020-09-12,0.0211957452008,0.0209796192505,79795850.9064526,0.0
2020-09-13,0.0209812997657,0.0209363222734,79631171.1242259,0.0
2020-09-14,0.0198018981238,0.0196106466985,74588972.3473094,0.0
2020-09-15,0.0201394282492,0.0201962868345,76816450.9501909,0.0
2020-09-16,0.020491120083,0.0197884162238,75265117.6275061,0.0
2020-09-17,0.0198572165,0.0202964640875,77197474.5068703,0.0
2020-09-18,0.0204313563254,0.0204097402034,77628319.506853,0.0
2020-09-19,0.0210357994933,0.0210899519935,80215500.8059768,0.0
2020-09-20,0.0208983263209,0.0207915044968,79080357.6145907,0.0
2020-09-21,0.0219554882387,0.021960518722,83526695.9254902,0.0
2020-09-22,0.0189152481719,0.0191089461306,72680757.3679132,0.0
2020-09-23,0.01963283429668,0.01976794345474,75187249.57813643,8498943.50497465
2020-09-24,0.01774218488247,0.01762249488743,67027049.33997191,10022027.88099323
2020-09-25,0.01899296376613,0.01898381963969,72204839.54052636,10219910.81964868
2020-09-26,0.01917948704622,0.01911399574918,72699963.56067266,8908526.5150796
2020-09-27,0.01888392588822,0.01901076187194,72307314.15276971,7564825.13273155
2020-09-28,0.01873418205895,0.01883888062775,71653564.91303201,8885869.74769734
2020-09-29,0.01890240972007,0.01891629845789,72204648.00763826,16701853.69526946
2020-09-30,0.01964680046123,0.01955733058044,74651506.14287804,10831120.48403158
2020-10-01,0.02016928071161,0.02021685050369,77168933.3244326,11462874.051884
2020-10-02,0.01898821379628,0.01890908011761,72177095.16899611,13491971.26906034
2020-10-03,0.01827840367796,0.01817214096722,69364154.14486231,9299727.94083093
2020-10-04,0.01852943807779,0.01875118112598,71574385.22884661,6077069.4110158
2020-10-05,0.01860204268228,0.01873661725249,71518794.04850474,5332509.91642521
2020-10-06,0.01883045808551,0.01885026773051,71952604.7530462,6038115.80640267
2020-10-07,0.01717073576124,0.01707467241914,65175050.743371084,9491018.50227845
2020-10-08,0.01700007909049,0.01677079728485,64015141.09410608,8570253.8219896
2020-10-09,0.01665707841154,0.01661454328551,63418710.18838496,12914163.65506703
2020-10-10,0.01709593042895,0.0172454719453,65827002.79909212,10397870.4442582
2020-10-11,0.01722578486863,0.0172328870069,65778965.33291487,8856646.55219231
2020-10-12,0.0178190113532,0.01783329029222,68070740.75481714,7334620.45054964
2020-10-13,0.01788533128134,0.01778035628381,68109902.75113988,9323821.95158134
2020-10-14,0.01768934672858,0.01776499566665,68051061.96503495,6631806.01690765
2020-10-15,0.01719023953219,0.01702013773312,65197789.476770036,6142804.5764603
2020-10-16,0.01718088779467,0.01716079271423,65736586.16520246,6490088.7120655
2020-10-17,0.01627791743268,0.01615879853146,61898320.76397346,6813985.07217941
2020-10-18,0.01673853052325,0.01670097271524,63975187.52310915,4730744.32044525
2020-10-19,0.0168736107081,0.01677770112378,64269105.39294777,4840184.48243296
2020-10-20,0.01624264887758,0.01626945617979,62322208.876569316,6647914.98450876
2020-10-21,0.01564930413246,0.01570784608495,60170890.402797185,25068355.22061061
2020-10-22,0.01638558198156,0.01649283277626,63177881.1712975,14022315.97492035
2020-10-23,0.01740831459873,0.01731046015913,66309906.23564631,12723635.64752456
2020-10-24,0.0170403936598,0.01694433044328,64907400.06857064,8939331.85856729
2020-10-25,0.01768264634693,0.01778006956371,68108804.43354623,8351417.80272613
2020-10-26,0.01716490837469,0.01715716902502,65722705.16553328,9483755.93988167
2020-10-27,0.01656163725309,0.0166262466954,63914497.30544058,13179131.0008448
2020-10-28,0.01579977289258,0.01591250960678,61170754.3511142,19213222.75391454
2020-10-29,0.01508616601442,0.01512667134321,64704731.49182951,8659841.10088144
2020-10-30,0.01387659175011,0.01396505582413,59735890.78963814,9240756.00308749
2020-10-31,0.01391043242094,0.01396691549303,59743845.57189711,11349409.62509895
2020-11-01,0.01372148863206,0.01367447937206,58492942.43157274,6073419.3553441
2020-11-02,0.01410736534603,0.01442327648603,61695941.63093289,5974304.28812339
2020-11-03,0.01368782659936,0.01367490714085,58494772.22373716,6308836.62014105
2020-11-04,0.01271734952992,0.01255045328397,53684891.50156284,9383066.48143112
2020-11-05,0.01225259313689,0.01228378087763,58276624.40334893,8669393.36758086
2020-11-06,0.01347631299225,0.0135836737953,64443566.98253336,12307371.10964201
2020-11-07,0.01550912402825,0.01554463199909,73746730.71130414,22149253.44706041
2020-11-08,0.01439344410839,0.01457643555708,69153420.15311697,18920841.00425071
2020-11-09,0.01573522883562,0.01601500445491,75978268.31447178,11826393.40083746
2020-11-10,0.01563389221237,0.01558751773057,74161654.39138083,12426803.93238105
2020-11-11,0.01731435220991,0.01744659815848,83006711.22233786,21002015.54319691
2020-11-12,0.01660270683193,0.01642009887797,78122874.92524195,10743906.29024955
2020-11-13,0.01586032918798,0.01591160961392,75703605.4999218,10652104.15035853
2020-11-14,0.01691734833204,0.01673939666312,79642016.8694264,8355954.88277566
2020-11-15,0.01675115190066,0.01689746925842,80394088.19880788,6147622.0423188
2020-11-16,0.01646085366842,0.01645959409861,78310783.67080641,7871220.61714646
2020-11-17,0.01661746251349,0.01674752719241,79680699.96917623,7184775.55379798
2020-11-18,0.01769223048621,0.01771379080173,84277949.45328237,17387543.65107489
2020-11-19,0.0170936444282,0.01699119888089,80840031.163429,16741327.18965167
2020-11-20,0.0172723672519,0.01729575483272,82289035.01592557,11711862.44259866
2020-11-21,0.01786992757978,0.01808907597342,86063465.89548667,12551448.56555209
2020-11-22,0.01975772213874,0.01914318647083,91078669.71116106,20670388.69147019
2020-11-23,0.01903587778776,0.01902989379365,90539650.44489138,19348118.11922919
2020-11-24,0.02116327133185,0.02143605986108,101987608.95794235,25723324.00829965
2020-11-25,0.02163742427323,0.02176123402767,103534709.30942152,27877868.56429886
2020-11-26,0.0211236484149,0.02137054513657,101675905.68095884,25653877.60484952
2020-11-27,0.0177987015762,0.01822459078572,86708212.72743385,29514627.04870369
2020-11-28,0.01772565100514,0.01776576211248,84525216.43014999,9543574.11464223
2020-11-29,0.01875361270054,0.01863959151978,88682686.24807449,9316680.53193616
2020-11-30,0.01885552204758,0.01915969018577,91157190.41116667,9315249.69405507
2020-12-01,0.01956761971032,0.01945113109753,92543796.06237087,12452326.90064324
2020-12-02,0.01871025798011,0.01894255335236,90124105.66519651,14247579.03287582
2020-12-03,0.01933389739592,0.01937362396506,92175035.7972368,8382287.1268923
2020-12-04,0.02080794719314,0.02072694280812,98613800.84342025,14706538.52581269
2020-12-05,0.01883516770229,0.01886526573424,89756389.7964596,15136211.642896
2020-12-06,0.01973029627942,0.02005145312256,95399983.64228907,8900932.33373216
2020-12-07,0.01957167332946,0.01951605617762,92852693.953247,7461666.99038158
2020-12-08,0.01923398242031,0.01917681341405,91758976.79477431,5909319.84021487
2020-12-09,0.0176044444544,0.01744465047757,83470764.60531914,8798746.07420958
2020-12-10,0.01810445298827,0.01804923293745,86363626.24551281,10627778.12889947
2020-12-11,0.01777175889199,0.01747824697974,83631520.23225474,10071413.44036195
2020-12-12,0.01748145152274,0.01785994089548,85457884.31062831,8019425.38639398
2020-12-13,0.01786857011065,0.01790260160273,85662011.17790718,6275373.15570515
2020-12-14,0.01809918107099,0.01799967496555,86126496.71333326,6053975.54183178
2020-12-15,0.01838740215986,0.018738908516,89917867.57862608,6859464.37821892
2020-12-16,0.01948812438622,0.01914633407543,91872882.05930911,14866005.15558117
2020-12-17,0.01944724699262,0.01955792244154,93847871.59347446,12789247.5263053
2020-12-18,0.01895846661142,0.01878538785611,90140896.74521732,18464211.87166526
2020-12-19,0.02059258429917,0.02036610334734,97725893.81687398,13269422.0418549
2020-12-20,0.01998197951299,0.01971519335224,94602529.4707045,18329623.54183299
2020-12-21,0.01921876630005,0.01958831639964,93993715.7282752,11477049.62924398
2020-12-22,0.01812956251885,0.01806959764638,86706207.40684822,9834670.95584121
2020-12-23,0.01863581537316,0.01864935381295,89488143.08730806,8672742.70984274
2020-12-24,0.01524604542855,0.01499820658408,71968266.04883048,15751428.61661985
2020-12-25,0.01644891592797,0.01644529280301,78912048.65481855,10017555.33353776
2020-12-26,0.01663003182357,0.01655148697031,79421616.91834632,10485864.29990997
2020-12-27,0.01928045040339,0.01906693501065,91491888.9728303,20254357.34450458
2020-12-28,0.01832173053313,0.01866047518419,89541508.5213512,23349668.91289813
2020-12-29,0.01887293060522,0.01858039579831,89409318.8349842,14830492.61258856
2020-12-30,0.01844154525652,0.01868588649495,89916942.64625242,11599746.34092351
2020-12-31,0.01813555001071,0.01790760940267,86171854.25088271,9203995.83068173
2021-01-01,0.0176330914147,0.01784275861576,85859790.67879976,10384496.80284317
2021-01-02,0.01781202953644,0.01757878487317,84589542.57582662,9893448.1004879
2021-01-03,0.01905264312094,0.01902334708545,91540811.25797495,17321941.23041403
2021-01-04,0.02000031987788,0.02050246141004,98658345.54928903,19317271.97547521
2021-01-05,0.02467505119913,0.02395262772956,115260630.22848545,44463505.22561763
2021-01-06,0.02446755305458,0.02428774628025,117200865.48427789,56544784.96347513
2021-01-07,0.03531163684883,0.03891185007939,189131605.22898152,176598894.4692535
2021-01-08,0.03300904707058,0.03169684418419,154062965.62660742,93503838.57155666
2021-01-09,0.03169677595277,0.03128983491487,152084691.23737866,60285581.12774526
2021-01-10,0.03358151817388,0.03330842158676,161896060.6985957,86114085.64276607
2021-01-11,0.03038803160959,0.02927221398205,142387786.5671908,44786640.10262673
2021-01-12,0.02606791302362,0.0257790724223,125396222.65051317,37798478.12008171
2021-01-13,0.02608377313923,0.02500770540872,121644089.59484641,24123736.70257857
2021-01-14,0.03006897339087,0.0296015571599,143989798.84217012,30779242.07046163
2021-01-15,0.0327804124122,0.03268952009099,159010466.80493718,33158237.72103258
2021-01-16,0.03406214663929,0.03507031809626,170591297.63795358,52541594.64492263
2021-01-17,0.03279512179149,0.03330880240448,162022819.6776007,38797625.85165829
2021-01-18,0.03403582488219,0.03462856884662,168442512.51659146,33947744.20309117
2021-01-19,0.03605411013898,0.03571293697582,173717165.7367228,38948934.56711307
2021-01-20,0.03244998671735,0.03396869316332,165232702.7628019,36007951.28675973
2021-01-21,0.03454711452993,0.03466203284285,168605290.24006,38841561.79697064
2021-01-22,0.02859579352561,0.02713392013822,131986560.07848358,34664843.5243329
2021-01-23,0.03125981618265,0.03137706733634,152626349.67518333,32472610.50788683
2021-01-24,0.03399920365419,0.03431954735169,166939350.27912802,53572806.69916776
2021-01-25,0.03317632609197,0.03384129488195,164613003.8460113,32823383.88968583
2021-01-26,0.0329084283345,0.03330811546121,162471347.2898238,39333844.50516544
2021-01-27,0.04335082106182,0.04468624926017,217971957.34726703,197934260.762988
2021-01-28,0.04206364200135,0.0414069234444,201975961.29306406,160377835.9208172
2021-01-29,0.03879896495044,0.03846522048145,187626836.2,83576433.27
2021-01-30,0.04029042451398,0.04003344307389,195276360.62,88772488.89
2021-01-31,0.03995404794849,0.03933791819793,191883707.98,81734104.06
2021-02-01,0.03827845604449,0.0366674971277,178857845.9,40692848.18
2021-02-02,0.04082553203735,0.0397475657904,193881899.61,45937643.86
2021-02-03,0.04107633057888,0.04047421302684,197426361.86,30741686.98
2021-02-04,0.04381116967232,0.04280181152836,208779993.46,42400381.46
2021-02-05,0.04736959686402,0.04843630373927,236264092.96,90092125.72
2021-02-06,0.05473940284547,0.05380157003625,266470071.77,101495162.3
2021-02-07,0.05249247114333,0.05265064647089,260769742.12,81331250.96
2021-02-08,0.06727499276666,0.06384968617026,316236690.58,156737330.97
2021-02-09,0.07131328117293,0.07247580495993,358960397.18,235621376.14
2021-02-10,0.09889726092906,0.10071732108876,498835847.37,334415616.25
2021-02-11,0.1167106198737,0.11485668087752,568865703.65,727867722.59
2021-02-12,0.12338414471933,0.12603623988378,624236167.54,318088238.91
2021-02-13,0.12113725814727,0.12242864634965,608029275.42,206588049.62
2021-02-14,0.11166015158179,0.11445116148027,568409917.62,182854132.98
2021-02-15,0.10083299369978,0.1008976479723,501097787.3,150228658.52
2021-02-16,0.10735070060735,0.10694264729504,531119654.47,268108240.63
2021-02-17,0.1088908909479,0.1102143783893,547368370.32,156061746.49
2021-02-18,0.11229024055622,0.11745254597388,583315984.89,199324891.66
2021-02-19,0.12275262561121,0.12767135337644,634066640.44,267638196.58
2021-02-20,0.15457587431207,0.16421070311444,815535561.38,459916516.0
2021-02-21,0.14543967804615,0.1523570127724,756665427.93,847078644.65
2021-02-22,0.16234792132,0.15808079363734,785091996.67,377629433.59
2021-02-23,0.15214883356111,0.14597912197438,724990289.5,357450877.69
2021-02-24,0.13679799280875,0.13347246347996,662877256.9,453032676.14
2021-02-25,0.16005105638087,0.16991264743856,843853681.2,444294779.47
2021-02-26,0.17691945774441,0.17250979271726,856752136.0,724298086.15
2021-02-27,0.19053210230227,0.20432096257177,1014739038.03,669786799.83
2021-02-28,0.19790583481676,0.19575756126626,972209786.54,585218385.69
2021-03-01,0.23054599436941,0.24132867822761,1198534050.11,761977691.22
2021-03-02,0.25008096397125,0.23503297815758,1167267103.48,655467876.39
2021-03-03,0.23197078959167,0.23371863968792,1160739576.7,334627817.32
2021-03-04,0.2237791534161,0.22286730713796,1106847550.09,256074939.94
2021-03-05,0.19978480982156,0.18759811688615,931686745.55,249735138.06
2021-03-06,0.21396221630148,0.22026985828783,1093947587.63,252896664.18
2021-03-07,0.21292810544339,0.21746479436711,1080016526.28,161719960.3
2021-03-08,0.21229032285635,0.21441182179684,1064854252.13,132690811.29
2021-03-09,0.21683449188025,0.21654996182353,1078410894.12,139564648.27
2021-03-10,0.29875895583628,0.31151126760547,1551314725.7,834343805.6
2021-03-11,0.28713243533918,0.2850648583098,1419612859.19,710907312.94
2021-03-12,0.41041830262942,0.4342881780408,2167950709.81,1868952594.71
2021-03-13,0.41456202809727,0.4503522090904,2248141765.61,1735390124.25
2021-03-14,0.42534612329895,0.42035898071911,2098416665.95,771150991.15
2021-03-15,0.38147276668946,0.39184366983003,1956069276.34,549145640.45
2021-03-16,0.39229018886976,0.37594326346347,1876695028.98,579194526.47
2021-03-17,0.37302088311809,0.3733838746083,1871121979.57,421829305.56
2021-03-18,0.40143819378793,0.41713430608602,2090366568.1,605382575.25
2021-03-19,0.39053432492596,0.38857931272225,1947270201.75,344161805.31
2021-03-20,0.41008442945903,0.41119054450531,2060580860.44,286910494.34
2021-03-21,0.38350440015103,0.38313184169416,1919971532.83,231358204.7
2021-03-22,0.38103939655793,0.37277882403686,1868089916.59,219513496.61
2021-03-23,0.34769939321602,0.35092939103607,1758596826.21,229592443.81
2021-03-24,0.33141124692225,0.32269710186406,1617117613.0,214316723.93
2021-03-25,0.32394105635846,0.32848686105702,1646131575.36,345205350.23
2021-03-26,0.30179953880013,0.30978257769255,1552399633.26,243872672.31
2021-03-27,0.33695138946377,0.33646617578631,1686117959.85,232504334.13
2021-03-28,0.33322347842642,0.33550091905223,1681280811.77,208993190.79
2021-03-29,0.34650543223646,0.34159266570996,1711808110.46,210660059.11
2021-03-30,0.38441658780529,0.38248154459181,1916712727.92,525315799.26
2021-03-31,0.37143995071253,0.36662913536035,1837272255.64,248828166.46
2021-04-01,0.36032419428112,0.36344995095378,1821340550.43,283627373.62
2021-04-02,0.36415907508744,0.3596022172181,1802058573.75,211375264.51
2021-04-03,0.38348374885924,0.39613507440909,1985134053.74,283929627.43
2021-04-04,0.35384989330744,0.35713207044887,1789680037.27,220350213.89
2021-04-05,0.36265958487068,0.35770085117478,1792530342.79,163464554.59
2021-04-06,0.37045194486706,0.37578741308298,1893362841.49,238507104.65
2021-04-07,0.37454656006352,0.36629649317892,1845543903.3,277759850.29
2021-04-08,0.33784548829439,0.34388044840015,1732603169.36,265056056.41
2021-04-09,0.35620335156793,0.3588712583729,1808132688.39,155095780.86
2021-04-10,0.36753138303256,0.36584839595577,1843286215.57,172992296.94
2021-04-11,0.35806490158442,0.35588098461271,1793066528.57,168337504.39
2021-04-12,0.37030420656512,0.36644441111836,1846289171.29,141505893.79
2021-04-13,0.35759038886999,0.35859028120583,1806717016.37,145098604.55
2021-04-14,0.42241295259269,0.41882187144759,2110187145.69,642001974.92
2021-04-15,0.41466489435714,0.43466340527698,2255202452.49,507223894.7
2021-04-16,0.44099040484762,0.46217248423722,2397930231.23,450157922.53
2021-04-17,0.43671556840833,0.43040049090178,2233084798.15,382736066.71
2021-04-18,0.40668009556106,0.39547416152683,2051873445.39,220771831.36
2021-04-19,0.36345649180099,0.37141689202182,1927054993.85,409164487.93
2021-04-20,0.3255067223337,0.30577014972675,1586454215.36,217308765.85
2021-04-21,0.3423118459926,0.33772566628957,1752251838.18,241864909.25
2021-04-22,0.35647426833288,0.38750279642332,2010514909.31,304921513.19
2021-04-23,0.35011968512854,0.35312239503722,1832136042.85,646489781.61
2021-04-24,0.38190535441103,0.36909545349019,1915010469.73,452445591.06
2021-04-25,0.35482319975887,0.35583123716558,1846190567.2,207452843.47
2021-04-26,0.38400274934991,0.42005460337385,2179406318.1,396248587.66
2021-04-27,0.5362218816977,0.59112045803588,3066962367.88,1913085071.51
2021-04-28,0.82899932865633,0.75711781539469,3928221086.41,2823630347.02
2021-04-29,0.776181449318,0.7678963243319,3984144174.24,3440558972.44
2021-04-30,0.88849069716731,0.91871844554769,4766667877.7,2899317279.55
2021-05-01,0.82068197160999,0.81306490666188,4218496310.65,1739496098.97
2021-05-02,0.78550227706059,0.77378834578217,4014714268.39,950041690.85
2021-05-03,0.8225791645175,0.81841122013472,4246235060.01,796103106.53
2021-05-04,0.79506610343547,0.75786415206781,3932093370.75,785147971.16
2021-05-05,0.70329686919886,0.73960837503209,3837375313.87,804133884.06
2021-05-06,0.80918400542693,0.79260898033606,4112363025.31,910099069.45
2021-05-07,0.76286255409024,0.79857435789323,4143313719.42,644962068.86
2021-05-08,0.7514626496508,0.7524048406576,3903768344.23,546791042.1
2021-05-09,0.84896602074738,0.82167866046334,4263187808.63,779721469.92
2021-05-10,0.9698727912069,0.9686671073074,5025820921.48,2983718541.54
2021-05-11,0.87613568189713,0.85551614823591,4438749828.54,1219114337.74
2021-05-12,1.06663403706123,1.07026260901859,5552937816.62,1710663793.24
2021-05-13,1.04199262459063,1.06054148444688,5502500849.28,2702851581.25
2021-05-14,1.05219731827032,1.10469465920143,6744813699.38,1941585076.17
2021-05-15,1.47155432696622,1.60841015609717,9833161753.3,3748002621.85
2021-05-16,1.59660735919089,1.61011573540618,9856469893.39,5613779002.91
2021-05-17,1.71924799138807,1.64873526624452,10106072745.49,3368199002.05
2021-05-18,1.72403436165456,1.74155708032776,10702897409.14,3142202887.22
2021-05-19,2.4483089213267,2.404323779146,14775990426.74,7968687315.49
2021-05-20,1.62570723733974,1.46109108060996,8979268110.44,8525510296.73
2021-05-21,1.8309572519651,1.90711933622294,11739444815.94,5392887036.32
2021-05-22,1.48696217305586,1.51389426224071,9318912461.95,3724873506.69
2021-05-23,1.19554776206478,1.24564081416948,7667654205.32,2651340835.2
2021-05-24,1.07733190404376,1.12706258575864,6946751742.7,3997859929.72
2021-05-25,1.74249374523213,1.80227930318903,11180601958.0,9528809406.85
2021-05-26,1.93821955508154,1.90380693918982,11825668246.31,6322409436.96
2021-05-27,2.21305346554893,2.17585072779019,13515492737.56,8057375324.5
2021-05-28,2.03989775853243,1.99696651860902,12404337363.17,5053592351.26
2021-05-29,1.81815766933182,1.88792305096271,11727004044.19,5412650041.35
2021-05-30,1.69144639820677,1.60675696994891,9980515612.13,3386690784.84
2021-05-31,1.86491418221055,1.83238575662767,11382029139.13,4069227866.85
2021-06-01,1.87278697110233,1.9511677216147,12218387200.8,3236570177.98
2021-06-02,1.82415998633564,1.76246131773496,11036690781.61,2200073760.31
2021-06-03,1.80023962092902,1.80012843613631,11272565654.01,1669484345.51
2021-06-04,1.82484924701146,1.78865515333484,11200718928.49,1511233244.04
2021-06-05,1.63254651424946,1.67494977936872,10534131545.66,2467521940.99
2021-06-06,1.52757005991009,1.5351370238482,9654818042.33,1472157095.23
2021-06-07,1.5815515623292,1.68016599954521,10566937514.05,1213085289.69
2021-06-08,1.48630785981041,1.48769192045619,9356425238.86,1825239483.64
2021-06-09,1.4800699701525,1.40417082657469,8831142510.61,2411724856.54
2021-06-10,1.49097502240028,1.47561971576191,9280500459.58,1751055665.15
2021-06-11,1.36305339155305,1.35525845625168,8529213824.72,1082349375.32
2021-06-12,1.25033241441783,1.22159091822128,7687987556.76,945195795.01
2021-06-13,1.34090894463029,1.3836981482722,8708196817.4,1629073959.07
2021-06-14,1.46522729249662,1.45542106008539,9159579391.82,1564328476.67
2021-06-15,1.54984442454807,1.66758608529285,10494823498.05,2230503015.05
2021-06-16,1.62809511532242,1.60085498669728,10074856512.37,2114256123.43
2021-06-17,1.47892309985913,1.48521161051904,9347063906.99,1472000234.12
2021-06-18,1.50376252629228,1.48045609243407,9317135423.31,1049058092.22
2021-06-19,1.38053141606605,1.39692503943769,8791439229.55,1255040133.88
2021-06-20,1.36087138530048,1.3557430492483,8532263573.11,892197968.84
2021-06-21,1.39966155118942,1.40077964327945,8815697879.43,981779457.15
2021-06-22,1.09780908868061,1.09651157545101,6900810428.57,1593449678.38
2021-06-23,1.0751815952626,1.12324367601691,7069046827.06,2603526430.39
2021-06-24,1.1781671579882,1.17610074596178,7401698691.09,1337741634.88
2021-06-25,1.2020852722765,1.2072676288265,7597845047.51,917075664.49
2021-06-26,1.04005678372978,1.0697865615888,6743316495.31,1004669700.31
2021-06-27,1.07713077568838,1.07995662530592,6807422701.99,808023915.82
2021-06-28,1.11408274505852,1.10583998924953,6970576476.12,706877829.37
2021-06-29,1.12008101818102,1.14163561530811,7196211424.55,720749591.24
2021-06-30,1.171830938954,1.1739930018439,7400173697.22,960000648.29
2021-07-01,1.16745832652113,1.1350845926545,7154917562.11,782404129.32
2021-07-02,1.07420027550321,1.08819048172383,6859324176.36,586931203.83
2021-07-03,1.10277133072952,1.0902038854958,6872015510.64,476101131.96
2021-07-04,1.11796135819904,1.10752014017081,6981167176.94,439738508.64
2021-07-05,1.14695422577848,1.13713857318746,7167864668.85,518479067.09
2021-07-06,1.10116751403434,1.12260685884791,7076265136.27,513270403.96
2021-07-07,1.13117391581858,1.12994401717911,7122514343.89,565547427.59
2021-07-08,1.12870737648756,1.11614268950862,7035518746.94,588617293.23
2021-07-09,1.04086703297668,1.01179780735096,6405241665.28,553532404.6
2021-07-10,1.05168364297781,1.06380413057059,6734470554.62,469371185.03
2021-07-11,1.02966252350402,1.03630601738322,6560392236.77,347556768.72
2021-07-12,1.04256388733639,1.03876568760856,6575963314.41,267798015.48
2021-07-13,0.99574665936794,0.99065234906997,6271379178.7,432699146.49
2021-07-14,0.94585349295562,0.92266469926744,5840979622.51,387282177.34
2021-07-15,0.92969558999251,0.93567740790702,5923357290.21,501271984.05
2021-07-16,0.87821628276186,0.86820781521179,5496237323.03,391473638.37
2021-07-17,0.81137482339905,0.81659498521516,5169499464.18,468153127.23
2021-07-18,0.80165290697599,0.8338672753649,5278842646.9,440029797.6
2021-07-19,0.79428138245803,0.78593919377795,4975431290.51,383401375.65
2021-07-20,0.73326885358807,0.7277486384971,4626798545.11,401807948.03
2021-07-21,0.68899672725283,0.67118585979732,4267190064.45,948867839.32
2021-07-22,0.88889288468985,0.89365015378278,5688697764.34,2180195301.75
2021-07-23,0.88117527562026,0.88470901042845,5645936582.51,1300803737.04
2021-07-24,0.94850258729373,0.91959451565039,5880563965.2,992577201.11
2021-07-25,0.9485962736498,0.93804417937098,5998544690.18,752450334.35
2021-07-26,0.93968020948228,0.97503399469729,6235084786.26,645644545.26
2021-07-27,1.0155532142162,1.01121848956129,6466475070.76,1900388110.68
2021-07-28,1.0426006361857,1.03619194268,6634463240.86,1305336956.99
2021-07-29,1.01675051761946,1.00492931056406,6442336301.68,896884818.75
2021-07-30,1.02776600125889,1.02544078354784,6573829935.72,471958094.35
2021-07-31,1.06766136709808,1.05063711567839,6750065894.12,748208784.63
2021-08-01,1.08296848159096,1.10972300116546,7129677098.12,682481584.9
2021-08-02,1.04987614234546,1.02625018005605,6593386275.67,773166640.21
2021-08-03,1.04628136927824,1.05209329264233,6769942368.8,541780510.74
2021-08-04,1.02303127851065,1.02670328487964,6606564377.04,463163680.26
2021-08-05,1.05390085781055,1.05090390951935,6762289002.64,525615521.62
2021-08-06,1.06556714708463,1.04475096094543,6722696404.22,621764984.72
2021-08-07,1.08080087081725,1.09257331814255,7030420637.83,602573223.17
2021-08-08,1.16692837237019,1.16983475661757,7541615598.56,1122592504.43
2021-08-09,1.08168385802739,1.05318360301084,6789596431.19,696331316.13
2021-08-10,1.12680567538116,1.12378065534651,7244716975.43,721031195.06
2021-08-11,1.15748483677598,1.16579285349736,7515558517.04,834337530.91
2021-08-12,1.37288856410767,1.37364481955181,8855525226.45,2227162546.8
2021-08-13,1.32364906809726,1.33981920853068,8637460449.13,1827499364.06
2021-08-14,1.51077182777181,1.48443081928008,9587310634.68,1641023724.8
2021-08-15,1.44229618041422,1.45036787813291,9367312509.03,1052534280.08
2021-08-16,1.46758365718275,1.47226732714138,9508751785.04,902034058.36
2021-08-17,1.42047698564501,1.40059503337402,9045850762.42,1241934345.97
2021-08-18,1.34910346535393,1.33633671567498,8630833474.56,1227545586.35
2021-08-19,1.33625365700623,1.35568878363305,8755820294.1,1050049905.33
2021-08-20,1.46893916988666,1.4715643238662,9504211384.31,1041890448.61
2021-08-21,1.5505033936273,1.52384601308002,9841876695.81,1243087565.86
2021-08-22,1.5847490820297,1.60920918823223,10393201329.01,1569172735.42
2021-08-23,1.62461914241171,1.62627804728509,10503441868.21,1168702082.68
2021-08-24,1.62645527567926,1.60133714125275,10372784513.73,975433064.95
2021-08-25,1.47556336121584,1.49924685062848,9711486803.02,1048452731.93
2021-08-26,1.52852668904708,1.54348753326083,9998059227.94,893686901.54
2021-08-27,1.37388001088546,1.38251943379081,8955375981.31,946943263.87
2021-08-28,1.51939255370286,1.51934300783366,9841661207.19,974711490.94
2021-08-29,1.4579822512997,1.47987260833314,9585988658.2,677902776.46
2021-08-30,1.42082032069182,1.4046297374646,9098597174.17,635672620.39
2021-08-31,1.31676445332508,1.31205873880485,8498961409.42,877857419.51
2021-09-01,1.33782639080318,1.32584689857952,8606837131.58,1013941805.52
2021-09-02,1.46945154983047,1.46352812447651,9519143423.88,1547077709.42
2021-09-03,1.44650907388838,1.41279676749169,9323041401.56,1160756063.26
2021-09-04,1.45730031827888,1.46836184073152,9689715144.18,925544390.67
2021-09-05,1.74050266064391,1.71451300511348,11336354568.7,2393477415.04
2021-09-06,1.68040229907694,1.65550304455713,10946180896.08,2116751277.6
2021-09-07,1.64387204872302,1.62340775984108,10794125669.43,1543374391.3
2021-09-08,1.35779122882701,1.36771537156785,9094013202.3,2975974970.8
2021-09-09,1.33327438456585,1.33327429206234,8865012608.88,2189998275.75
2021-09-10,1.36724942989212,1.42180087261175,9458246850.71,1775503944.75
2021-09-11,1.30358205508005,1.3108167558896,8719947140.33,1444031724.07
2021-09-12,1.3172119478153,1.30472104738412,8679396654.76,903936131.81
2021-09-13,1.3298056058361,1.32383995592715,8806581382.24,807018540.21
2021-09-14,1.24748636353402,1.25843837261882,8371510387.93,966348715.18
2021-09-15,1.31764624552412,1.32477626293936,8812809977.97,912643801.55
2021-09-16,1.41655719458564,1.39474848433142,9278286230.92,867684677.46
2021-09-17,1.38465683023648,1.35863046810487,9038018328.56,1190218127.96
2021-09-18,1.4205625082457,1.41089884258083,9385723269.39,1114528807.54
2021-09-19,1.36431693599367,1.35488982846926,9013134469.13,796887876.88
2021-09-20,1.31470246678086,1.2886931896619,8572774526.62,672725773.22
2021-09-21,1.13485348019959,1.10509650611807,7351434191.71,1318833474.59
2021-09-22,1.04597850533894,1.05288488427061,7004106786.43,1131048318.28
2021-09-23,1.23016723864273,1.2037953827361,8008008791.52,1031286383.19
2021-09-24,1.22556133479017,1.21885977973354,8108221689.26,728595586.63
2021-09-25,1.12698366904173,1.13666227028558,7561419144.79,884998148.21
2021-09-26,1.1231931846419,1.10189406078199,7352168443.78,685853157.64
2021-09-27,1.12486903016842,1.14600917430286,7646517743.83,805764575.41
2021-09-28,1.08482786891401,1.08880199730676,7264814260.31,642411950.14
2021-09-29,1.0512230142738341,1.0663450022936254,7114974438.18,565199469.13
2021-09-30,1.1002902682074345,1.121570638699149,7483456487.15,597108186.12
2021-10-01,1.1271024278292214,1.1470305546921282,7653332700.85,638372685.06
2021-10-02,1.26528640833767,1.251257056480215,8348763255.13,934443495.78
2021-10-03,1.2945336168239399,1.2832774996867968,8562413278.74,871995942.36
2021-10-04,1.326274041720802,1.2919220450274684,8620092284.13,812724959.23
2021-10-05,1.2747665132111077,1.2918472945568975,8619593526.51,810946014.93
2021-10-06,1.3154878824771665,1.306714921283901,8718794801.8,728358136.22
2021-10-07,1.2575057737619864,1.2512392147323839,8348644209.63,875457091.69
2021-10-08,1.2746505353064022,1.2914803158486414,8617144934.24,828960182.28
2021-10-09,1.341249420709761,1.3570819458561618,9118234998.66,1283200887.7
2021-10-10,1.3509921685202335,1.3391542328812664,8997778676.62,745740906.75
2021-10-11,1.2464285734241785,1.2561759169344815,8440247285.9,704432859.65
2021-10-12,1.2429118645999306,1.2243375398771756,8226325197.51,610922831.07
2021-10-13,1.2230451633075146,1.2445590632845,8364299811.47,723559232.46
2021-10-14,1.2410946493502963,1.2291611550309063,8260815191.97,621725586.87
2021-10-15,1.264026044748163,1.2486286793389183,8391650452.99,602158857.39
2021-10-16,1.5891721225568307,1.5370292198299456,10329902045.56,4485876405.76
2021-10-17,1.5051436150337685,1.484948334283397,9979882384.77,1367883632.28
2021-10-18,1.456528221508638,1.4719015991548456,9892199278.85,768433485.67
2021-10-19,1.4800574675988174,1.49303483480796,10034229275.02,1570672995.97
2021-10-20,1.471904932707659,1.450068194745587,9745463663.18,791686934.87
2021-10-21,1.5339921156067498,1.5670196907538287,10531458819.52,980498989.47
2021-10-22,1.5063302689587368,1.5315970144383655,10327089008.58,1105907876.38
2021-10-23,1.5160405047918175,1.5122293048204545,10228237191.57,926857699.98
2021-10-24,1.6427831485467272,1.6114099598574878,10899063541.31,1342236657.12
2021-10-25,1.571752962776986,1.6012981098375938,10830670209.61,948435191.13
2021-10-26,1.6724528253346904,1.6943357346811792,11459947060.42,1051685975.76
2021-10-27,1.734081116821132,1.7540586685036033,11863893955.89,1929120556.49
2021-10-28,1.7569127510091356,1.8023156419722348,12208311905.22,3557665467.42
2021-10-29,2.1352612221675282,2.183182725205542,14810016002.49,4095020853.6
2021-10-30,2.0188726810157553,1.9942990172832016,13528689112.23,2488471383.87
2021-10-31,1.8682668247606606,1.8978097878247024,12874136922.86,1524632695.6
2021-11-01,1.9405801266696814,1.9683630594476804,13352747837.96,1468440073.61
2021-11-02,1.9056090771369878,1.877371746097075,12735491759.73,1166044983.4
2021-11-03,1.9385597426442884,1.9749724501159422,13397583838.38,1265053313.28
2021-11-04,2.035599634793892,1.9981885748133597,13596300414.67,1992406327.6
2021-11-05,1.9187814146693314,1.8799226476002573,12791582033.5,1248778945.74
2021-11-06,1.8995450198440362,1.8920482698416445,12874088562.05,784798546.75
2021-11-07,1.8861025428432785,1.8803809191733818,12828547113.25,727481278.45
2021-11-08,1.8878850951781996,1.893362209546948,12917109538.79,680949653.97
2021-11-09,1.8930824315155237,1.8846830812914495,12914449186.1,1031576659.04
2021-11-10,1.7746819353809988,1.7956092199297493,12323068854.33,1305456383.74
2021-11-11,1.7045213048386811,1.712214949776273,11767865287.44,1611606134.79
2021-11-12,1.756440501070658,1.7472722124360995,12008810003.16,956290355.19
2021-11-13,1.7158611594649047,1.7326015133380515,11959957945.03,871564337.65
2021-11-14,1.7529425166722699,1.7671793291557292,12198644809.74,658703704.92
2021-11-15,1.7300036325151507,1.7447212349802539,12113407903.49,628544731.78
2021-11-16,1.6959898662995692,1.6412019247703187,11394684702.72,705350017.07
2021-11-17,1.562738664560441,1.556255839617981,10804913363.53,1250222202.51
2021-11-18,1.6382330795486937,1.660603569946947,11529388194.2,1133376587.73
2021-11-19,1.4944725962054852,1.5250218617714693,10588059285.92,1045084777.48
2021-11-20,1.6178111901392185,1.626443148130395,11292216137.53,825199934.02
2021-11-21,1.6656963530876863,1.6531584027128619,11503805212.55,738258282.35
2021-11-22,1.6010345800994799,1.5783353135968883,10983135057.06,593337313.33
2021-11-23,1.5601321143725766,1.562313975259332,10871647642.92,714165416.0
2021-11-24,1.7512045502458178,1.740769443458613,12127388824.73,1150868943.77
2021-11-25,1.6872429587891802,1.725136438350697,12018478634.38,1371314918.54
2021-11-26,1.9270230409545428,1.9320986360721346,13460318651.29,1803739996.54
2021-11-27,1.6389716792809872,1.667127468166029,11706040540.83,1744627132.71
2021-11-28,1.6160719557320644,1.6072729222155295,11285760895.25,897824491.2
2021-11-29,1.6534869866251414,1.6694984574288112,11722688875.74,956352662.2
2021-11-30,1.8182355959933134,1.825409964003615,12817450045.23,1178512347.11
2021-12-01,1.7831932118067213,1.8307822735526391,12855172699.67,1392999459.62
2021-12-02,2.0063727439542403,2.1843168408090445,15337580347.5,3035404601.51
2021-12-03,2.1272095905359354,2.1811448747681847,15315307807.59,3674897357.56
2021-12-04,2.279249862007193,2.1277384662781715,14940304938.96,4432017488.48
2021-12-05,1.977344970272869,1.9832497002562206,13925750632.2,4681154499.1
2021-12-06,2.0534772951217817,1.9388256900961953,13613819316.9,3415584465.24
2021-12-07,2.2844476131808746,2.2806203476957547,16013793041.11,4487435110.36
2021-12-08,2.3510628082106333,2.349043481826191,16494238596.32,4918420280.07
2021-12-09,2.417143665131575,2.361933220412015,16726462247.38,4543677039.03
2021-12-10,2.089154524738194,2.1706365346789918,15371759767.09,3694239420.38
2021-12-11,2.1003824816409673,2.0707330557496175,14664275002.39,3561848731.14
2021-12-12,2.1369911364069103,2.1039613984841963,14899587591.03,1893943340.58
2021-12-13,2.0870850608183695,2.0543011357958467,14547909354.8,1313826543.49
2021-12-14,1.818420502459819,1.8420731600017088,13044978114.29,2322735089.44
2021-12-15,1.9428352364947672,1.981812619053492,14034568660.75,2419586545.89
2021-12-16,2.130627785160809,2.1590117726881863,15289436888.15,3313613168.66
2021-12-17,2.0711402297121646,2.1040423900126823,14900161147.36,2317399641.36
2021-12-18,2.1330146607106855,2.1429990961207968,15176040189.31,2241699408.59
2021-12-19,2.2312059757982015,2.195878114719635,15550512634.43,2075037152.25
2021-12-20,2.2225416566665483,2.227990109794702,15777919602.87,1616149231.95
2021-12-21,2.1269391630587053,2.126382920670753,15069592279.71,1792562327.6
2021-12-22,2.374386468800132,2.4219065730453413,17163956802.2,2454001001.45
2021-12-23,2.5019313514305423,2.549259359339828,18066500998.96,3560738233.62
2021-12-24,2.682403527938634,2.6284194447943596,18649846982.13,3643771981.65
2021-12-25,2.4701436629448277,2.523342325574717,17904276407.91,2077346075.14
2021-12-26,2.639664280088453,2.690018354291655,19086919626.18,1650501222.08
2021-12-27,2.876459494002124,2.832463701646383,20097634996.11,3145592656.89
2021-12-28,2.727521637172618,2.681225919471716,19194607866.36,2048237415.67
2021-12-29,2.4939626245537454,2.5563988298141505,18300984162.49,2755196463.0
2021-12-30,2.4766417900038893,2.494493471054644,17857810359.94,2655333169.55
2021-12-31,2.557002512561338,2.544732167795753,18227642713.07,1804653235.81
2022-01-01,2.5278181531828166,2.5814059054323604,18490332749.78,1687504829.18
2022-01-02,2.5742608662952877,2.5547466339361566,18299375256.51,981505664.37
2022-01-03,2.549155958302948,2.523462173335543,18075288031.33,947911164.54
2022-01-04,2.4342344421116597,2.4018740626877464,17204365477.24,1202332171.11
2022-01-05,2.3671985243413722,2.3906594325582358,17124036288.28,1404976941.87
2022-01-06,2.194927298110091,2.2067789967727878,15806920511.68,1915055885.67
2022-01-07,2.2501825783753855,2.2150079747873233,15865863795.79,1978753637.36
2022-01-08,2.0538210605200304,2.098037021788794,15028013445.16,1921095634.44
2022-01-09,1.9955150651068125,2.017553127034351,14451515966.83,1351787976.98
2022-01-10,2.1154311184465335,2.1049865620402155,15077792254.23,1103359983.39
2022-01-11,2.071872547887667,2.0640236710871678,14784379473.8,1552296610.5
2022-01-12,2.3578211430026643,2.354482221463664,16864902817.76,2235981996.83
2022-01-13,2.392826767761895,2.3962069119833433,17163772526.13,1922749369.19
2022-01-14,2.2638148082516802,2.270671812547131,16605178875.37,1491831392.39
2022-01-15,2.337607257162068,2.353260003679092,17209137439.15,1243606641.02
2022-01-16,2.3529086498412406,2.3543543607968322,17217140355.12,859731228.43
2022-01-17,2.3302498473875772,2.385388294578385,17444088176.82,827854917.51
2022-01-18,2.2218392164389984,2.23346666219109,16333101610.25,1629489769.49
2022-01-19,2.12797409659433,2.132698733925844,15596196583.06,1472091515.07
2022-01-20,2.0356991785794127,2.047536375334966,15157691703.62,1322161552.72
2022-01-21,1.9613339110322283,1.9964049746992465,14859027639.65,878698531.64
2022-01-22,1.6995911978688367,1.7147849168674283,12762959819.63,2209116928.98
2022-01-23,1.5318520709430417,1.572800882026346,11706187909.7,2429756796.54
2022-01-24,1.6163324559508299,1.5734055273220335,11718555247.28,1372282956.6
2022-01-25,1.507711009992672,1.4669642971614754,10925792406.07,2334452239.77
2022-01-26,1.5583405910659183,1.538302271489579,11457109970.98,1532104844.9
2022-01-27,1.5906686989299221,1.6097904251584128,11989546055.48,2394113217.44
2022-01-28,1.590580528087578,1.6169642289905053,12064283770.97,1521838747.56
2022-01-29,1.6787339444645417,1.7007130534805348,12689139637.3,1492183385.58
2022-01-30,1.695255363345891,1.6789704320893606,12526916410.79,863759632.5
2022-01-31,1.60561486671551,1.5480844858031872,11550367165.41,837591491.62
2022-02-01,1.6439133223396298,1.635820476554312,12204971559.48,882993440.24
2022-02-02,1.6477561298503107,1.636765685870753,12212023832.63,936604423.33
2022-02-03,1.5415372269267382,1.5418207151337626,11503632732.15,837292639.13
2022-02-04,1.549636928887721,1.5455623342478242,11531549215.37,799571034.31
2022-02-05,1.6911449773410396,1.6928927544412329,12630791836.47,1009294515.83
2022-02-06,1.7144424082753118,1.7298328105610898,12906404191.75,871592513.4
2022-02-07,1.7397651089415531,1.7117805528861216,12771715028.32,709909066.17
2022-02-08,2.0201997467847286,2.0098697876217293,14995779761.75,2198374831.19
2022-02-09,1.9471713771513688,1.953146629870934,14572564294.63,1789788515.62
2022-02-10,2.042493142974607,2.009761369255367,15001000130.82,1429517481.18
2022-02-11,1.896300491694783,1.8374357513833546,13739011239.82,2019537954.11
2022-02-12,1.7146905240043455,1.7144764377612338,12819610716.22,1693368455.7
2022-02-13,1.6991929593445567,1.7179059634995848,12845254221.11,1040916698.63
2022-02-14,1.6681609149594014,1.6522250605214241,12354140089.05,688866411.27
2022-02-15,1.6588448981996313,1.660296518376975,12414492593.95,1055374988.18
2022-02-16,1.863287323514166,1.8443096046659506,13891845955.01,1247230239.3
2022-02-17,1.8379046472126657,1.8535072711885496,13961125302.77,1187451785.86
2022-02-18,1.658498165622768,1.6738887127638054,12608189039.8,1159955655.37
2022-02-19,1.5953828446515914,1.6106882672239302,12132145944.05,996673248.76
2022-02-20,1.6318464451419,1.6103178634615056,12129355961.28,636893501.78
2022-02-21,1.5151272500774926,1.5326935767230427,11544668536.24,865972169.33
2022-02-22,1.408425005240291,1.4228947888448797,10717633941.07,1619739326.67
2022-02-23,1.4642527353431918,1.4612633277969547,11006636303.42,1329567313.82
2022-02-24,1.4412293385318853,1.428997765776123,10763603237.76,1488603774.76
2022-02-25,1.4398401661755318,1.4276310475180993,10761270061.38,2667777374.42
2022-02-26,1.550655875218307,1.5744713390670422,11868130293.93,1625624746.6
2022-02-27,1.5150846283852752,1.4969756186246763,11283979103.23,875283320.7
2022-02-28,1.452539707093046,1.4309678851373144,10786422646.03,1014942076.59
2022-03-01,1.6114539848622091,1.6420123265809181,12410084438.0,1277837606.88
2022-03-02,1.621319295096533,1.6034146726755827,12118369122.39,1385015842.93
2022-03-03,1.6354967088384322,1.647312542752314,12450142681.87,1385885851.07
2022-03-04,1.584856407563326,1.5326217980701455,11583327127.13,1015149262.18
2022-03-05,1.4754496943986275,1.458859104758853,11082589305.49,945067841.15
2022-03-06,1.5083173849796288,1.5154465998951538,11512470413.53,541479943.6
2022-03-07,1.4368175390244178,1.426094185425031,10833682373.07,628122505.7
2022-03-08,1.4162642931278648,1.4280459506873817,10945563013.48,999147988.63
2022-03-09,1.4456489156552117,1.4587612926341402,11180987308.2,883106259.91
2022-03-10,1.5065533649913787,1.4990769082440596,11489994949.63,993972559.84
2022-03-11,1.4390967159918437,1.4296061037384697,10957521139.57,958435106.42
2022-03-12,1.4065085421351429,1.4194851494463951,10879946925.02,808561189.95
2022-03-13,1.3990650283313704,1.398368594396583,10718094581.39,486903455.26
2022-03-14,1.362735589403232,1.3514257049389746,10358290784.92,460680045.41
2022-03-15,1.377846083222403,1.3816870014797733,10590234951.7,760559569.34
2022-03-16,1.380056361507885,1.3721307796874669,10552721685.58,633566315.6
2022-03-17,1.4682333492439366,1.4579109743085985,11212436148.2,895937171.62
2022-03-18,1.448697433552086,1.4387214899057936,11072500607.13,667918896.62
2022-03-19,1.4993133661657334,1.5264373795739274,11747568192.08,700832731.34
2022-03-20,1.528184392936637,1.5153655963292103,11662358978.51,629026289.47
2022-03-21,1.4638518930815907,1.4630476343440815,11259716305.9,523474538.74
2022-03-22,1.4662542344711595,1.4691674792035196,11306815057.39,590625997.44
2022-03-23,1.5054983353308997,1.5114592153750523,11632295199.11,729280547.64
2022-03-24,1.556207405123158,1.5733786225368678,12108831261.31,755597859.19
2022-03-25,1.6287668216843596,1.616937028373493,12452144449.8,954308828.64
2022-03-26,1.5796006266631442,1.5762266120062558,12138630703.55,749572123.22
2022-03-27,1.6108315667100086,1.612060339985265,12414588733.55,449810713.0
2022-03-28,1.6935599203965734,1.6863926757069614,12987027217.82,633690003.44
2022-03-29,1.6596747467407196,1.6819650601954352,12952929843.0,852337238.3
2022-03-30,1.6747596080994762,1.6620506144102645,12799567311.75,831385444.44
2022-03-31,1.6842207405532734,1.6990440446066344,13084456289.13,827192503.58
2022-04-01,1.617751685797808,1.6317068738760958,12565888056.68,969392654.75
2022-04-02,1.6940196181459388,1.7227060311354712,13365601099.81,918558173.94
2022-04-03,1.6538078955191504,1.6637486041606455,12908180369.53,734020114.63
2022-04-04,1.688619040526366,1.6647968774972763,12916313389.91,611348106.57
2022-04-05,1.6499841583961976,1.6408745904448405,12730712515.26,641834665.74
2022-04-06,1.5928999635046635,1.5734814067448906,12207843033.24,664845221.62
2022-04-07,1.4589033622215024,1.4467270509845114,11224420367.89,814850716.73
2022-04-08,1.513931121598682,1.5052656090790966,11678591307.27,557011807.09
2022-04-09,1.4357689183852564,1.4516294183129557,11262455345.98,554531012.86
2022-04-10,1.4642593201238678,1.4585506332506604,11316153537.26,370023342.09
2022-04-11,1.4326463097649098,1.4295192852113652,11090914053.41,363949991.46
2022-04-12,1.3335255093276905,1.3419553476231976,10478647704.47,665990495.39
2022-04-13,1.39273291146372,1.3999938395266833,10931840808.87,799935639.36
2022-04-14,1.4197577606401992,1.4255973680138743,11131765758.29,612760776.68
2022-04-15,1.3727163376128202,1.3762169351695976,10746179039.49,609766676.6
2022-04-16,1.3962802423618073,1.3965757094497921,10905150367.23,394907252.45
2022-04-17,1.390764951133434,1.388585048287819,10842755352.83,315840420.73
2022-04-18,1.3401027354994697,1.339217858999761,10457272046.23,350057638.88
2022-04-19,1.421117556913491,1.422655181002246,11108791714.31,749084556.81
2022-04-20,1.4282326676568389,1.4138000518126153,11039646508.16,617408222.42
2022-04-21,1.4177120422129768,1.4291123465715432,11159212440.53,643814651.24
2022-04-22,1.3796972307505622,1.3892350534095104,10847830912.67,665582458.41
2022-04-23,1.3991060733226945,1.3911000868787977,10871261559.78,1274594745.53
2022-04-24,1.3657528167435387,1.3701802301001575,10707775670.46,541983118.74
2022-04-25,1.3442325277786815,1.308821725539544,10228267144.59,459687109.85
2022-04-26,1.3525217315238354,1.35570754624964,10594673577.31,677783596.18
2022-04-27,1.2432751086911666,1.2447587590631464,9764966372.49,626182921.55
2022-04-28,1.2576738882643308,1.2620121218692055,9905364750.01,517595952.43
2022-04-29,1.238752002995137,1.2426905494780816,9753712306.46,523799065.23
2022-04-30,1.1406645966483557,1.1502437589553878,9028109783.13,676728454.72
2022-05-01,1.0356572180259682,1.0339752493499528,8115533765.34,658981074.42
2022-05-02,1.1011111988555229,1.1047733532361448,8671218635.91,752489048.09
2022-05-03,1.0776415312988366,1.07790807136177,8460356623.21,702025642.91
2022-05-04,1.0759280682648127,1.0884682360167828,8543241946.5,555528771.63
2022-05-05,1.170986162821605,1.1766365461418689,9235263248.08,751064401.17
2022-05-06,1.064479137107102,1.0695974996312103,8395128054.6,765583514.96
2022-05-07,1.0441490605071693,1.0456639206558063,8207276586.76,691718294.94
2022-05-08,1.021218760655227,1.0146409495792394,7963781426.28,627675269.56
2022-05-09,0.9744056895318244,0.9884109767712473,7757905869.67,566256362.94
2022-05-10,0.8207692288616901,0.8398484308456275,6591858269.9,1113048334.86
2022-05-11,0.8901958878398034,0.8962440846594868,7034500231.62,1508931787.28
2022-05-12,0.6668757660167012,0.6992664979483888,5488449436.91,1899561436.2
2022-05-13,0.6009411233660442,0.6157381807543517,4832846820.72,1203930415.63
2022-05-14,0.6676359956475028,0.6792372945022089,5399166621.08,919296389.55
2022-05-15,0.6860843974190368,0.6809247102895737,5412579664.01,657813054.37
2022-05-16,0.7375113338940931,0.7213323845002209,5733774874.58,578930687.03
2022-05-17,0.6773128750859617,0.6918322644197532,5499282356.36,629653273.65
2022-05-18,0.7269474136800104,0.7285688280887082,5791296399.08,596289114.64
2022-05-19,0.6272803647365474,0.6351083115337401,5049661440.36,592303720.52
2022-05-20,0.6586935221963637,0.6568282141774525,5222353488.12,556349233.99
2022-05-21,0.6364305803693102,0.6333024091059591,5035302951.13,469501425.76
2022-05-22,0.6494992712423286,0.6540835716373619,5200531201.51,329886218.32
2022-05-23,0.6779735608639736,0.6819238465969383,5421885512.89,377342761.99
2022-05-24,0.6420338043141065,0.6458472276775546,5135045129.69,532499259.58
2022-05-25,0.661673304449871,0.6596740872390522,5244980645.1,488082493.13
2022-05-26,0.6460416321264306,0.6546955389041008,5205396871.59,435031439.25
2022-05-27,0.6007559747264658,0.5965236001495761,4746049760.18,649475660.82
2022-05-28,0.5735595435261267,0.5882231451353462,4680009837.34,589023386.19
2022-05-29,0.5878931772504093,0.5861259984495996,4663324558.63,327698636.19
2022-05-30,0.598521808531301,0.5974593136446413,4753494466.16,320695857.93
2022-05-31,0.6571413199304394,0.6546076400240739,5208176897.23,524117097.21
2022-06-01,0.6621127782406405,0.6678701441216486,5313695780.93,529238534.0
2022-06-02,0.6014867198053161,0.5964628879896843,4745566723.25,486940750.49
2022-06-03,0.6194338537948204,0.6145254112479204,4889275428.41,373795793.55
2022-06-04,0.5899917916156823,0.5894441487505352,4689724363.16,309527689.0
2022-06-05,0.5956713328201702,0.5943840585325623,4729027179.73,220473099.9
2022-06-06,0.5980144573821002,0.6109538057686449,4860859088.6,263480439.16
2022-06-07,0.6325338021987701,0.6006423029242735,4778818905.13,454169556.49
2022-06-08,0.6165559174955227,0.6211111394784808,4941672674.53,361371532.78
2022-06-09,0.6074482392498743,0.6074624282773822,4833081057.18,310673105.36
2022-06-10,0.6336367981126898,0.6260148990087387,4980687873.15,597077782.94
2022-06-11,0.5949858262485538,0.6000468888342283,4774081682.83,487221407.81
2022-06-12,0.5387786880714588,0.5443523572053964,4330965906.0,390026762.0
2022-06-14,0.4281438783292063,0.4227092893958263,3363151635.68,742123077.84
2022-06-15,0.4156881705852988,0.40997820585857186,3261860830.16,588746461.05
2022-06-16,0.4377853110484892,0.43430954785179093,3455445392.12,667549210.85
2022-06-17,0.38204506505230995,0.3824955736721132,3060534268.58,406230178.58
2022-06-18,0.39979830177987774,0.4026288166315993,3221630198.2,297864155.17
2022-06-19,0.3465954261420536,0.34228452747766847,2738786009.71,493473863.41
2022-06-20,0.3831173091593482,0.3699313450451459,2960001726.72,449784430.24
2022-06-21,0.40076645576453523,0.4005417411506937,3204930485.91,467034804.49
2022-06-22,0.4190695799836516,0.41377500669950507,3310816319.59,522307724.19
2022-06-23,0.45658661776605375,0.4808621086541771,3847613053.06,672506971.06
2022-06-24,0.5613840842151376,0.594677263675014,4758303806.63,1175528802.49
2022-06-25,0.6122332183341447,0.5961851195682638,4770368899.54,863580005.9
2022-06-26,0.6003936146837833,0.5986284777138648,4789919403.78,532135159.17
2022-06-27,0.5603760591291029,0.5635826068435852,4509500240.38,471270249.29
2022-06-28,0.5324854944575445,0.5291351352434922,4233869162.39,535902987.51
2022-06-29,0.5110000293363542,0.5134447789074073,4111051633.87,651409062.29
2022-06-30,0.49551352158311485,0.4881103346054223,3908203707.63,917007172.5
2022-07-01,0.4781042079243676,0.4895358046748895,3919617166.87,932139166.73
2022-07-02,0.46139585096576663,0.45856682428743406,3671654615.39,607801087.5
2022-07-03,0.49277831331656574,0.48669111883668564,3896840325.34,391627076.74
2022-07-04,0.46089656059580214,0.46259575666917097,3703913486.71,428861364.83
2022-07-05,0.49139585325499735,0.5121935530356684,4101033313.74,451915528.63
2022-07-06,0.5123906249656615,0.511149213893472,4092671495.07,892658672.0
2022-07-07,0.5252839168068141,0.5285009151433516,4231603163.49,692799505.26
2022-07-08,0.562500344203582,0.5637831550120638,4514101137.6,595466696.71
2022-07-09,0.6062439759568481,0.5937997102990665,4754437808.11,918695250.35
2022-07-10,0.589567228751994,0.5805514301780603,4648361427.8,374350972.07
2022-07-11,0.571173816746401,0.5634062198320618,4511083091.55,338728931.72
2022-07-12,0.5635142914149096,0.5670562970416333,4540308543.81,612994946.98
2022-07-13,0.5393822676046827,0.5401877538626481,4325177388.77,664128859.65
2022-07-14,0.6361575402676575,0.6413344329383824,5135039008.47,1057013467.93
2022-07-15,0.7078033518599225,0.7036252902956758,5633789685.15,1519873087.16
2022-07-16,0.7045506382279927,0.6976754832666755,5586150747.3,1039639809.13
2022-07-17,0.7270444272439277,0.731322987123154,5855559710.81,714046225.84
2022-07-18,0.7531577257006129,0.7463614025159869,5975969353.12,901928081.45
2022-07-19,0.9613779280985374,0.9265120680597407,7418400396.04,2533247118.21
2022-07-20,0.9260168254918939,0.8977509250340422,7188115565.26,1489643100.78
2022-07-21,0.8328050773291552,0.8349102499283654,6684962605.72,1466200304.21
2022-07-22,0.9071331518659129,0.9226415379552598,7387409820.69,1590941558.97
2022-07-23,0.8530337738577126,0.8563168957841162,6856361420.23,1015931132.03
2022-07-24,0.875014165470559,0.8660305829667319,6934137008.19,752224759.34
2022-07-25,0.8811613822446115,0.8465888273389224,6778470684.33,802622300.0
2022-07-26,0.7760139717396587,0.760366956140599,6107118316.17,872804968.45
2022-07-27,0.7807732739572295,0.7714638134802649,6196246098.7,808509478.59
2022-07-28,0.8957486519026868,0.888955767327812,7139918436.84,1356390799.47
2022-07-29,0.935817153260074,0.9649694347787428,7750445310.77,1787662752.11
2022-07-30,0.938640296802392,0.9412249133845578,7562557644.96,1460476627.17
2022-07-31,0.9296102355041274,0.949113470329898,7625940653.41,920990352.64
2022-08-01,0.9282728453091756,0.9336927206011933,7502037952.69,1088105884.18
2022-08-02,0.8945394258826989,0.8889103008268633,7142219989.72,715576008.1
2022-08-03,0.8791904764338021,0.8611020163565914,6918785876.02,683321809.6
2022-08-04,0.8878165974360621,0.9009906102199531,7239282907.26,539885038.6
2022-08-05,0.8916454734725293,0.8933570418221635,7177948681.81,424098779.06
2022-08-06,0.9277121666784366,0.9184699104440951,7379725657.62,493825808.35
2022-08-07,0.9075273160006672,0.8999467495144554,7230895691.15,337272612.53
2022-08-08,0.9067301451686713,0.9115471326229603,7324102495.09,250924405.68
2022-08-09,0.9216198850431618,0.9262367397866734,7442130608.64,435531154.69
2022-08-10,0.8904173061312429,0.8756993946067194,7036510798.04,372927920.41
2022-08-11,0.9373516066353831,0.9427009609193743,7574888741.08,465197598.08
2022-08-12,0.9214397301416503,0.923473045095631,7420386593.39,418033176.96
2022-08-13,0.9339023463587721,0.9311476643699417,7482054491.85,294905405.84
2022-08-14,1.0251220006742165,1.0216353074704747,8209150206.55,927257169.24
2022-08-15,1.0008463919272441,1.0080336807724137,8099857002.02,511043946.74
2022-08-16,0.9517732301568439,0.9536867557453966,7663162951.01,559820809.1
2022-08-17,0.9357379194367217,0.9445696698415523,7589904394.68,402942961.36
2022-08-18,0.8833836821170913,0.8901355964228972,7158581442.57,477747511.03
2022-08-19,0.8595614440619158,0.8411741154446645,6764827108.35,421028424.58
2022-08-20,0.7719382436209903,0.7826112233556853,6293857028.94,712627039.4
2022-08-21,0.7867210106057736,0.7889292739301715,6344667579.36,489078450.69
2022-08-22,0.8202021616387467,0.813287803720118,6540561912.78,398638568.13
2022-08-23,0.8103583040805701,0.8097387727725238,6512020163.43,390538031.02
2022-08-24,0.8317565524292935,0.8205887115721143,6599276723.96,381274986.29
2022-08-25,0.8136559981128756,0.8196993991286494,6592124762.41,317082628.93
2022-08-26,0.8187191229877,0.8135359948477101,6900513742.64,291431025.51
2022-08-27,0.7638354544255637,0.7718672721323135,6547074441.18,609352158.12
2022-08-28,0.8052653984239995,0.8122228388812327,6889375390.01,507671567.79
2022-08-29,0.7840295814451367,0.7689777897022008,6522565490.94,422312172.2
2022-08-30,0.8174155417130992,0.8162339633448751,6923398255.99,442143757.58
2022-08-31,0.8145971378334095,0.8225890243931865,6977302684.46,442956357.52
2022-09-01,0.8318737072813377,0.8381003109084828,7276491414.01,430175843.54
2022-09-02,0.885372860470761,0.8742999393729892,7590781102.59,573040429.04
2022-09-03,0.8719695491026733,0.8821149487181553,7658631988.29,501787661.92
2022-09-04,0.8891977386124742,0.8894341099639846,7722177858.96,287610964.45
2022-09-05,0.89428606263722,0.8928371370241088,7751723364.27,267060022.92
2022-09-06,0.8815508221177938,0.9001537148131367,7862228321.74,299919038.7
2022-09-07,0.818570199036863,0.8171159881491497,7136950454.63,606895338.78
2022-09-08,0.8407390419716965,0.8395387294095951,7332797795.47,401690595.34
2022-09-09,0.8441706991676869,0.8474109403385124,7401556184.95,356053586.28
2022-09-10,0.8914543670101871,0.8882383522735878,7758155762.49,442335548.55
2022-09-11,0.906193188872134,0.9088563499822968,7938239900.18,389128732.16
2022-09-12,0.8943199043669618,0.8854838495159765,7734097060.91,274185338.23
2022-09-13,0.9300407243932649,0.9232089822198646,8063600346.75,698870294.6
2022-09-14,0.8462330290264785,0.8514395598317912,7436743426.59,710941529.41
2022-09-15,0.8647927527714518,0.8559214581391971,7475889749.3,408417860.67
2022-09-16,0.8243817745723087,0.8293511580481294,7243816312.89,466976749.68
2022-09-17,0.8061498527125107,0.8113837275921054,7086883071.07,352966974.7
2022-09-18,0.829353684664803,0.8219156780118493,7178872469.67,208772405.55
2022-09-19,0.7535803125017692,0.7589014479603569,6628486178.94,349808832.73
2022-09-20,0.7661641153823251,0.7620849237849343,6656291667.47,405107262.98
2022-09-21,0.7333216394489818,0.737856244269633,6444670688.58,317918740.83
2022-09-22,0.7041467834471866,0.7031173722654115,6141250351.76,504396447.69
2022-09-23,0.7527765006478898,0.7548434372673117,6593042225.23,389946476.27
2022-09-24,0.7787154937442062,0.7697489770979996,6723231942.25,473895978.69
2022-09-25,0.7540686001103842,0.7556617753590321,6600189849.93,286803776.84
2022-09-26,0.7402630921407659,0.7367989169756008,6435435656.32,270016505.15
2022-09-27,0.754892801514311,0.7592802846104523,6631795058.52,392117498.63
2022-09-28,0.7401886851998551,0.7401165846536678,6464413219.09,471193029.47
2022-09-29,0.7474520726501468,0.7449936109735735,6507010715.31,331218488.03
2022-09-30,0.7633573887736667,0.7733048970223154,6754290475.79,314949502.13
2022-10-01,0.7774390183513012,0.7778136222674993,6793671113.49,379235438.96
2022-10-02,0.7660143537691189,0.7687547442392096,6714547996.82,174559410.31
2022-10-03,0.7642968853962836,0.7670872385162555,6699983472.45,222113666.14
2022-10-04,0.8016991540902177,0.8044445211637796,7026273839.1,339647809.62
2022-10-05,0.8360582079188493,0.8341499529514225,7285730511.08,413972517.72
2022-10-06,0.8513504300345962,0.8531317521018762,7451523571.11,410210012.03
2022-10-07,0.8331349896802214,0.8372345125836819,7312672034.18,322818257.16
2022-10-08,0.8318160488696271,0.833344932843535,7278699209.88,278256184.4
2022-10-09,0.8136537102769099,0.8126154877812556,7097641655.62,165605618.34
2022-10-10,0.8253347147405075,0.8378751370536276,7318267451.68,177729783.6
2022-10-11,0.8151257292765629,0.8034123467631958,7017258500.2,340254500.49
2022-10-12,0.7906216535394457,0.7946035257944828,6940319461.27,261608839.34
2022-10-13,0.7842926525835981,0.7853656094423702,6859632567.05,176586596.23
